o,c,h,l,t
2.0052,1.9693,2.0149,1.9297,1617570000
1.9667,1.9599,2.0171,1.9599,1617656400
1.9624,1.9469,1.9833,1.9169,1617742800
1.9487,1.9609,1.9655,1.9331,1617829200
1.9598,1.9636,1.9691,1.94,1617915600
1.9646,1.9679,1.9982,1.9435,1618174800
1.9689,1.9719,1.9874,1.9646,1618261200
1.9755,2.0238,2.0465,1.9702,1618347600
2.0266,2.0504,2.0535,2.0176,1618434000
2.0518,2.0385,2.0622,2.0364,1618520400
2.0384,2.0465,2.0547,2.0292,1618779600
2.0475,2.0159,2.0742,1.9934,1618866000
2.0153,1.9749,2.0217,1.973,1618952400
1.9789,1.9882,2.0029,1.9665,1619038800
1.9885,2.0032,2.0103,1.9769,1619125200
2.0031,1.9903,2.008,1.9537,1619384400
1.992,2.0336,2.0376,1.9888,1619470800
2.0329,2.0691,2.0774,2.0239,1619557200
2.0693,2.0988,2.1189,2.0674,1619643600
2.1016,2.0716,2.1046,2.0554,1619730000
2.0763,2.1049,2.1181,2.0541,1619989200
2.1065,2.169,2.1725,2.1065,1620075600
2.1695,2.1366,2.1824,2.1296,1620162000
2.1351,2.1159,2.1543,2.109,1620248400
2.1142,2.1317,2.14,2.0856,1620334800
2.205,2.1289,2.217,2.1128,1620594000
2.1341,2.1349,2.1452,2.0947,1620680400
2.1339,2.1618,2.1827,2.1223,1620766800
2.157,2.092,2.1606,2.077,1620853200
2.0909,2.1299,2.1299,2.0823,1620939600
2.1271,2.1576,2.1584,2.1104,1621198800
2.1584,2.1498,2.1753,2.1144,1621285200
2.1525,2.0982,2.1525,2.0633,1621371600
2.096,2.0407,2.1101,2.039,1621458000
2.0452,2.0784,2.0891,2.0322,1621544400
2.0751,2.1223,2.1258,2.0718,1621803600
2.1201,2.1202,2.1349,2.1055,1621890000
2.1234,2.1529,2.1545,2.1123,1621976400
2.1529,2.157,2.1573,2.1252,1622062800
2.1585,2.1434,2.1732,2.1313,1622149200
2.1433,2.1426,2.1635,2.1329,1622408400
2.1465,2.1784,2.2039,2.1446,1622494800
2.1742,2.1927,2.199,2.1692,1622581200
2.194,2.2015,2.2127,2.1789,1622667600
2.2006,2.2028,2.2241,2.1897,1622754000
2.2055,2.1959,2.2171,2.19,1623013200
2.197,2.2181,2.2265,2.1634,1623099600
2.2186,2.1983,2.2365,2.1878,1623186000
2.1999,2.2067,2.2264,2.1723,1623272400
2.2094,2.1852,2.2232,2.1558,1623358800
2.1827,2.183,2.2163,2.1652,1623618000
2.1808,2.1748,2.1911,2.1608,1623704400
2.1772,2.1429,2.1836,2.1389,1623790800
2.1444,2.1366,2.177,2.1044,1623877200
2.1373,2.1617,2.1763,2.1173,1623963600
2.1686,2.2003,2.2079,2.1461,1624222800
2.1996,2.235,2.235,2.19,1624309200
2.2293,2.2701,2.2869,2.226,1624395600
2.2726,2.2761,2.2849,2.2452,1624482000
2.2765,2.26,2.2937,2.1928,1624568400
2.2619,2.2204,2.265,2.2159,1624827600
2.2204,2.2406,2.2528,2.211,1624914000
2.2446,2.2429,2.2659,2.2191,1625000400
2.2409,2.262,2.2984,2.2389,1625086800
2.2625,2.3005,2.3073,2.257,1625173200
2.304,2.3145,2.3177,2.2907,1625432400
2.3131,2.2416,2.3302,2.2262,1625518800
2.2416,2.2063,2.2632,2.1674,1625605200
2.2049,2.2631,2.2634,2.1775,1625691600
2.2625,2.2861,2.3005,2.2521,1625778000
2.2869,2.2833,2.2971,2.2573,1626037200
2.283,2.3174,2.3206,2.2706,1626123600
2.3183,2.291,2.3189,2.2546,1626210000
2.2926,2.2419,2.2933,2.2393,1626296400
2.2456,2.2201,2.2519,2.202,1626382800
2.2246,2.0918,2.2265,2.0744,1626642000
2.0952,2.0835,2.1187,2.0571,1626728400
2.091,2.1915,2.1959,2.0851,1626814800
2.1916,2.2391,2.2529,2.1814,1626901200
2.2426,2.2636,2.2663,2.2295,1626987600
2.2631,2.2844,2.2867,2.2284,1627246800
2.2866,2.2939,2.3056,2.269,1627333200
2.2915,2.2817,2.3007,2.2711,1627419600
2.2855,2.3203,2.3301,2.278,1627506000
2.3234,2.3275,2.3448,2.3071,1627592400
2.3303,2.2822,2.3349,2.2535,1627851600
2.2821,2.2691,2.3033,2.2337,1627938000
2.2745,2.244,2.2942,2.2344,1628024400
2.2465,2.2956,2.3004,2.2357,1628110800
2.2951,2.2462,2.3175,2.2444,1628197200
2.2473,2.245,2.249,2.173,1628456400
2.2443,2.2684,2.2884,2.2384,1628542800
2.267,2.3091,2.3097,2.2179,1628629200
2.309,2.2718,2.31,2.2576,1628715600
2.2723,2.2528,2.2744,2.246,1628802000
2.2465,2.209,2.259,2.1805,1629061200
2.2057,2.1583,2.2216,2.1556,1629147600
2.1625,2.1281,2.1878,2.1255,1629234000
2.1294,1.9522,2.1382,1.9252,1629320400
1.9517,1.8733,1.9559,1.873,1629406800
1.8772,1.9854,1.9915,1.8726,1629666000
1.9817,2.058,2.0625,1.979,1629752400
2.062,2.1369,2.1465,2.0452,1629838800
2.1408,2.0956,2.1467,2.0864,1629925200
2.0923,2.1275,2.1318,2.0892,1630011600
2.1661,2.1515,2.2117,2.1203,1630270800
2.1536,2.1314,2.1572,2.1138,1630357200
2.1351,2.1089,2.1492,2.088,1630443600
2.1174,2.1566,2.173,2.0966,1630530000
2.1577,2.1453,2.1936,2.1355,1630616400
2.155,2.1485,2.1644,2.121,1630875600
2.1496,2.1308,2.1624,2.1119,1630962000
2.1309,2.1417,2.1679,2.121,1631048400
2.1388,2.1056,2.1516,2.079,1631134800
2.1029,2.15,2.1592,2.0975,1631221200
2.157,2.1651,2.1822,2.147,1631480400
2.165,2.178,2.1885,2.1573,1631566800
2.1789,2.2042,2.2358,2.174,1631653200
2.2084,2.1813,2.2179,2.1631,1631739600
2.1786,2.1751,2.1844,2.1475,1631826000
2.1172,2.065,2.1216,2.0491,1632085200
2.0696,2.0709,2.0897,2.0285,1632171600
2.0725,2.077,2.0956,2.0442,1632258000
2.0765,2.1225,2.1286,2.0538,1632344400
2.1229,2.1285,2.1438,2.101,1632430800
2.1367,2.164,2.1749,2.1347,1632690000
2.1628,2.1245,2.1937,2.1227,1632776400
2.1263,2.178,2.1795,2.1062,1632862800
2.1778,2.1917,2.2231,2.1318,1632949200
2.1909,2.245,2.2554,2.1783,1633035600
2.245,2.3104,2.3233,2.2281,1633294800
2.3098,2.3466,2.3715,2.3088,1633381200
2.3471,2.3026,2.3727,2.2863,1633467600
2.3048,2.3453,2.3483,2.252,1633554000
2.3448,2.3685,2.3797,2.3364,1633640400
2.3745,2.3778,2.4115,2.3662,1633899600
2.3779,2.3824,2.401,2.3569,1633986000
2.3847,2.4165,2.4186,2.3462,1634072400
2.4162,2.4374,2.4411,2.3888,1634158800
2.4359,2.4815,2.4888,2.432,1634245200
2.4795,2.4785,2.5135,2.4703,1634504400
2.4738,2.4256,2.484,2.3808,1634590800
2.4235,2.4483,2.4507,2.369,1634677200
2.4483,2.4164,2.4548,2.3921,1634763600
2.4151,2.421,2.4467,2.3924,1634850000
2.4246,2.4461,2.4684,2.4153,1635109200
2.4461,2.4376,2.4667,2.4347,1635195600
2.4412,2.3661,2.4412,2.364,1635282000
2.3698,2.3661,2.3776,2.3178,1635368400
2.366,2.3589,2.3891,2.3379,1635454800
2.3653,2.41,2.4136,2.3441,1635714000
2.4144,2.4226,2.4523,2.3858,1635800400
2.4265,2.3338,2.4302,2.3225,1635886800
2.332,2.3067,2.4147,2.2788,1635973200
2.308,2.3049,2.3457,2.2803,1636059600
2.309,2.331,2.3515,2.3085,1636322400
2.3295,2.3895,2.3895,2.3214,1636408800
2.384,2.294,2.3977,2.2756,1636495200
2.2961,2.3105,2.3375,2.2733,1636581600
2.3124,2.3095,2.3245,2.2595,1636668000
2.311,2.3371,2.3445,2.2671,1636927200
2.3376,2.3499,2.3674,2.3269,1637013600
2.352,2.2866,2.3545,2.2607,1637100000
2.2895,2.2429,2.2915,2.2077,1637186400
2.2425,2.15,2.2733,2.1409,1637272800
2.1569,2.1945,2.2124,2.1288,1637532000
2.1944,2.266,2.287,2.1628,1637618400
2.2686,2.2626,2.2859,2.2472,1637704800
2.2627,2.2556,2.27,2.2482,1637791200
2.2585,1.9853,2.2589,1.9743,1637877600
2.006,2.0265,2.116,2.002,1638136800
2.025,1.9657,2.0589,1.9045,1638223200
1.9596,1.9569,2.0369,1.9303,1638309600
1.9525,1.983,2.005,1.8799,1638396000
1.9835,1.9584,2.0235,1.9344,1638482400
1.965,2.0618,2.0646,1.965,1638741600
2.0584,2.1089,2.1234,2.0535,1638828000
2.1145,2.1517,2.1582,2.0946,1638914400
2.1516,2.1116,2.1665,2.1076,1639000800
2.1163,2.1425,2.1573,2.1062,1639087200
2.1455,2.1196,2.1752,2.1144,1639346400
2.1226,2.1032,2.1412,2.0731,1639432800
2.1054,2.143,2.1468,2.0803,1639519200
2.1409,2.1663,2.1867,2.1369,1639605600
2.1688,2.1337,2.1688,2.0999,1639692000
2.1213,2.0941,2.1213,2.0161,1639951200
2.0934,2.1425,2.1539,2.0721,1640037600
2.144,2.1762,2.1784,2.1256,1640124000
2.1766,2.2077,2.2145,2.1537,1640210400
2.201,2.2355,2.255,2.1756,1640556000
2.2374,2.2489,2.2654,2.2219,1640642400
2.245,2.2669,2.2864,2.2312,1640728800
2.2679,2.2723,2.2956,2.2484,1640815200
2.2815,2.2175,2.2936,2.2065,1640901600
2.2206,2.2546,2.2719,2.2104,1641160800
2.256,2.2779,2.2969,2.2495,1641247200
2.28,2.2725,2.3162,2.2611,1641333600
2.2709,2.3073,2.328,2.2564,1641420000
2.3075,2.3043,2.3338,2.2932,1641506400
2.3039,2.28,2.318,2.2679,1641765600
2.2805,2.347,2.3629,2.2767,1641852000
2.3477,2.392,2.4013,2.343,1641938400
2.3898,2.3747,2.4034,2.3667,1642024800
2.3756,2.4239,2.4296,2.3735,1642111200
2.4247,2.4397,2.4397,2.4121,1642370400
2.4398,2.4669,2.4726,2.4274,1642456800
2.4667,2.4435,2.4835,2.4379,1642543200
2.4421,2.441,2.4897,2.4303,1642629600
2.4409,2.4423,2.4627,2.3992,1642716000
2.4477,2.4257,2.47,2.3736,1642975200
2.4275,2.4555,2.4683,2.406,1643061600
2.4577,2.5205,2.5367,2.456,1643148000
2.5225,2.5507,2.5705,2.5086,1643234400
2.5559,2.548,2.5786,2.5198,1643320800
2.5521,2.5588,2.5841,2.5278,1643580000
2.557,2.5756,2.5882,2.5112,1643666400
2.5746,2.607,2.6173,2.5646,1643752800
2.6036,2.6384,2.6475,2.5731,1643839200
2.638,2.6622,2.7024,2.6362,1643925600
2.675,2.6915,2.72,2.6697,1644184800
2.6917,2.6417,2.6917,2.5957,1644271200
2.6462,2.6566,2.6726,2.6113,1644357600
2.6554,2.6606,2.7069,2.6422,1644444000
2.6606,2.7411,2.7638,2.6391,1644530400
2.7434,2.7619,2.787,2.7017,1644789600
2.7675,2.6762,2.7735,2.647,1644876000
2.6762,2.6082,2.7253,2.5895,1644962400
2.6082,2.798,2.8197,2.6077,1645048800
2.7964,2.8216,2.8279,2.7316,1645135200
2.83,2.8828,2.8858,2.7931,1645394400
2.8886,2.8569,2.9375,2.8358,1645480800
2.858,2.8829,2.9208,2.8374,1645567200
2.884,2.9162,3.0701,2.879,1645653600
2.9159,2.8839,2.9855,2.855,1645740000
2.9108,2.9428,3.026,2.9015,1645999200
2.9455,3.1469,3.161,2.9432,1646085600
3.1469,3.3537,3.3612,3.127,1646172000
3.3536,3.2857,3.5221,3.241,1646258400
3.3039,3.515,3.5504,3.2511,1646344800
3.608,3.5891,3.8904,3.5357,1646604000
3.6124,3.7164,3.8329,3.5248,1646690400
3.732,3.2991,3.76,3.1653,1646776800
3.3218,3.1489,3.4269,3.1341,1646863200
3.1568,3.2979,3.3186,3.0874,1646949600
3.312,3.1519,3.325,3.0971,1647205200
3.1496,2.9523,3.1614,2.8861,1647291600
2.9439,2.9449,3.064,2.9221,1647378000
2.9566,3.1677,3.1933,2.9347,1647464400
3.1859,3.2086,3.2377,3.1267,1647550800
3.2164,3.3498,3.3698,3.1905,1647810000
3.3486,3.2891,3.394,3.2719,1647896400
3.3103,3.4137,3.435,3.2722,1647982800
3.3951,3.3445,3.4727,3.3208,1648069200
3.36,3.3916,3.44,3.285,1648155600
3.422,3.1371,3.422,3.1157,1648414800
3.1372,3.2086,3.2746,3.0309,1648501200
3.2069,3.2755,3.3076,3.1796,1648587600
3.2793,3.1599,3.2793,3.1222,1648674000
3.1595,3.1527,3.192,3.0948,1648760400
3.1499,3.2083,3.2435,3.118,1649019600
3.2174,3.1426,3.2545,3.1092,1649106000
3.1477,3.071,3.21,3.0338,1649192400
3.084,3.0531,3.1385,2.9867,1649278800
3.0422,3.1129,3.1415,3.0166,1649365200
3.125,3.0214,3.1284,2.9931,1649624400
3.0325,3.1754,3.1757,3.0093,1649710800
3.1763,3.2987,3.3011,3.1388,1649797200
3.2941,3.353,3.3775,3.214,1649883600
3.379,3.3309,3.425,3.3135,1650229200
3.347,3.2233,3.3706,3.1934,1650315600
3.2162,3.2724,3.2835,3.1754,1650402000
3.2943,3.3084,3.328,3.2505,1650488400
3.3024,3.2817,3.3118,3.2333,1650574800
3.2681,3.2218,3.2701,3.1189,1650834000
3.2225,3.3305,3.35,3.1808,1650920400
3.3438,3.4187,3.4358,3.294,1651006800
3.4,3.4521,3.4903,3.3656,1651093200
3.4415,3.43,3.5015,3.4245,1651179600
3.435,3.4873,3.532,3.3466,1651438800
3.4956,3.5364,3.5445,3.4412,1651525200
3.5444,3.6499,3.6754,3.54,1651611600
3.6624,3.6789,3.7222,3.5938,1651698000
3.67,3.815,3.822,3.6334,1651784400
3.8129,3.619,3.8312,3.6151,1652043600
3.6334,3.5135,3.6636,3.5025,1652130000
3.5172,3.6792,3.7087,3.5057,1652216400
3.668,3.7995,3.8114,3.6161,1652302800
3.8066,3.949,3.9733,3.797,1652389200
3.9575,4.0116,4.064,3.9146,1652648400
4.0186,3.9512,4.0524,3.9048,1652734800
3.9653,3.715,3.9826,3.679,1652821200
3.719,3.666,3.72,3.4236,1652907600
3.6598,3.6955,3.7373,3.6399,1652994000
3.6985,3.5953,3.7252,3.5575,1653253200
3.5867,3.6873,3.6969,3.537,1653339600
3.6927,3.7303,3.7597,3.68,1653426000
3.7249,3.7961,3.832,3.7129,1653512400
3.7989,3.9067,3.9224,3.7628,1653598800
3.9177,3.9294,3.943,3.8909,1653858000
3.934,3.941,4.0467,3.9098,1653944400
3.9598,4.0569,4.1028,3.9373,1654030800
4.0648,4.2316,4.2391,3.99,1654117200
4.2495,4.3082,4.3096,4.155,1654203600
4.2725,4.2356,4.326,4.1845,1654462800
4.2377,4.1552,4.2412,4.0527,1654549200
4.1642,4.2157,4.253,4.0822,1654635600
4.2238,4.251,4.3144,4.172,1654722000
4.244,4.1605,4.3224,4.1259,1654808400
4.1605,4.017,4.1699,3.9723,1655067600
4.01,3.9965,4.1299,3.9433,1655154000
3.9965,3.8941,4.041,3.8616,1655240400
3.8952,3.8847,3.9666,3.8036,1655326800
3.9127,3.7207,3.918,3.5524,1655413200
3.7593,3.7295,3.7593,3.6077,1655672400
3.7276,3.7124,3.8324,3.68,1655758800
3.7056,3.6596,3.7416,3.5566,1655845200
3.7108,3.6483,3.7686,3.6129,1655931600
3.639,3.7693,3.7892,3.6252,1656018000
3.7709,3.7537,3.829,3.715,1656277200
3.7671,3.7781,3.85,3.6953,1656363600
3.7927,3.6614,3.8672,3.6548,1656450000
3.6711,3.5683,3.6736,3.4478,1656536400
3.5571,3.668,3.733,3.5075,1656622800
3.6581,3.6629,3.7528,3.6432,1656882000
3.6584,3.3536,3.7358,3.2726,1656968400
3.3708,3.2234,3.4015,3.188,1657054800
3.225,3.4037,3.4855,3.21,1657141200
3.4126,3.4492,3.4818,3.3481,1657227600
3.4545,3.4498,3.48,3.3648,1657486800
3.4433,3.228,3.4586,3.2264,1657573200
3.2459,3.253,3.2839,3.1497,1657659600
3.2581,3.0217,3.2594,2.9312,1657746000
3.0276,3.0412,3.1105,2.9694,1657832400
3.0639,3.1148,3.1839,3.0022,1658091600
3.1051,3.1587,3.1764,3.0616,1658178000
3.1671,3.1171,3.1787,3.1083,1658264400
3.1303,2.999,3.1303,2.889,1658350800
2.9948,3.0268,3.0681,2.9365,1658437200
3.0263,3.1097,3.1315,2.9773,1658696400
3.1104,3.0985,3.1972,3.0382,1658782800
3.106,3.177,3.1824,3.0785,1658869200
3.1746,3.1268,3.1907,3.0609,1658955600
3.1318,3.0935,3.2492,3.0877,1659042000
3.107,3.0001,3.1133,2.9101,1659301200
2.9977,3.0334,3.1115,2.9403,1659387600
3.0366,2.922,3.1427,2.9001,1659474000
2.9319,2.7657,2.937,2.7575,1659560400
2.7636,2.8517,2.8798,2.7586,1659646800
2.8499,2.8959,2.9054,2.8288,1659906000
2.9013,2.968,2.9831,2.8562,1659992400
2.9785,3.0574,3.0858,2.9214,1660078800
3.0626,3.0542,3.1199,3.0381,1660165200
3.0638,3.0481,3.0844,3.0044,1660251600
3.0593,2.9255,3.0631,2.8881,1660510800
2.9312,2.9186,2.9669,2.8797,1660597200
2.9311,2.9247,2.9532,2.8615,1660683600
2.9314,2.7979,2.9433,2.7,1660770000
2.7915,2.771,2.8212,2.7346,1660856400
2.772,2.6771,2.7983,2.6158,1661115600
2.6794,2.7365,2.7678,2.6545,1661202000
2.7391,2.6658,2.7672,2.5992,1661288400
2.6654,2.6498,2.701,2.6193,1661374800
2.6592,2.6719,2.6938,2.5637,1661461200
2.671,2.7175,2.7259,2.6269,1661720400
2.7101,2.551,2.7312,2.513,1661806800
2.5586,2.413,2.5642,2.413,1661893200
2.4103,2.3835,2.4323,2.3501,1661979600
2.3853,2.4598,2.4978,2.3807,1662066000
2.4425,2.4602,2.5299,2.4425,1662325200
2.4679,2.4269,2.5167,2.4083,1662411600
2.4358,2.3119,2.4672,2.3001,1662498000
2.3055,2.3242,2.3601,2.289,1662584400
2.328,2.4203,2.448,2.317,1662670800
2.4223,2.4694,2.4949,2.3951,1662930000
2.4732,2.4953,2.5091,2.4172,1663016400
2.496,2.5321,2.5645,2.4357,1663102800
2.5343,2.385,2.5343,2.3448,1663189200
2.3904,2.3759,2.405,2.3379,1663275600
2.3758,2.414,2.4216,2.3,1663534800
2.414,2.3851,2.4587,2.37,1663621200
2.3851,2.398,2.4661,2.3774,1663707600
2.4074,2.433,2.5072,2.3863,1663794000
2.4341,2.33,2.4459,2.269,1663880400
2.3297,2.2881,2.3706,2.26,1664139600
2.2933,2.364,2.3933,2.2892,1664226000
2.37,2.4558,2.4666,2.3337,1664312400
2.4577,2.4089,2.4722,2.395,1664398800
2.4174,2.3714,2.4267,2.3244,1664485200
2.3887,2.5172,2.5255,2.3887,1664744400
2.5204,2.6689,2.6888,2.5157,1664830800
2.6712,2.6647,2.7,2.5932,1664917200
2.66,2.6951,2.7119,2.6267,1665003600
2.7001,2.7609,2.7675,2.6645,1665090000
2.7532,2.6071,2.7685,2.602,1665349200
2.6177,2.5894,2.6369,2.5792,1665435600
2.5937,2.6164,2.6687,2.5735,1665522000
2.6232,2.6931,2.7168,2.57,1665608400
2.6994,2.6315,2.7005,2.5935,1665694800
2.6361,2.6019,2.669,2.5762,1665954000
2.6239,2.5745,2.6239,2.4905,1666040400
2.5786,2.47,2.5819,2.395,1666126800
2.466,2.4714,2.5369,2.4603,1666213200
2.4734,2.4599,2.501,2.4379,1666299600
2.4588,2.505,2.5221,2.3964,1666558800
2.5042,2.541,2.5595,2.4509,1666645200
2.5514,2.6048,2.6055,2.525,1666731600
2.6025,2.6238,2.66,2.5627,1666818000
2.626,2.5481,2.6368,2.5286,1666904400
2.5582,2.5136,2.5794,2.4822,1667163600
2.5159,2.5967,2.6165,2.5093,1667250000
2.5997,2.688,2.7065,2.5813,1667336400
2.6894,2.6934,2.7053,2.6328,1667422800
2.6955,2.7408,2.8172,2.6842,1667509200
2.7356,2.6691,2.7401,2.6472,1667772000
2.6795,2.623,2.6991,2.6101,1667858400
2.625,2.5474,2.6421,2.5402,1667944800
2.5446,2.5587,2.6105,2.5284,1668031200
2.5638,2.6291,2.648,2.5548,1668117600
2.6193,2.525,2.6586,2.52,1668376800
2.5403,2.5184,2.575,2.488,1668463200
2.5184,2.5037,2.5437,2.4486,1668549600
2.5074,2.4038,2.5145,2.3864,1668636000
2.4051,2.353,2.4153,2.2965,1668722400
2.353,2.3728,2.3918,2.2538,1668981600
2.3832,2.4388,2.4727,2.3702,1669068000
2.4418,2.3838,2.4543,2.3241,1669154400
2.3894,2.3604,2.3927,2.35,1669240800
2.3656,2.3061,2.4086,2.2628,1669327200
2.2695,2.2383,2.3098,2.2196,1669586400
2.2341,2.2952,2.3372,2.2229,1669672800
2.2898,2.3788,2.3915,2.2874,1669759200
2.3737,2.3464,2.4204,2.3358,1669845600
2.3494,2.2977,2.3614,2.2701,1669932000
2.2985,2.218,2.348,2.1962,1670191200
2.2223,2.1561,2.2332,2.1288,1670277600
2.1546,2.0895,2.169,2.0698,1670364000
2.0796,2.0526,2.1312,2.0413,1670450400
2.0552,2.0599,2.0801,2.0337,1670536800
2.0582,2.0853,2.0966,2.0204,1670796000
2.0903,2.1578,2.1757,2.0815,1670882400
2.1576,2.2425,2.2524,2.1477,1670968800
2.2482,2.1798,2.2496,2.1642,1671055200
2.1793,2.1405,2.19,2.1013,1671141600
2.1442,2.1825,2.1952,2.1312,1671400800
2.1873,2.2255,2.2426,2.1709,1671487200
2.2264,2.2721,2.283,2.2201,1671573600
2.2756,2.2767,2.2968,2.2333,1671660000
2.277,2.376,2.3959,2.2614,1671746400
2.3899,2.3757,2.4241,2.3588,1672092000
2.3721,2.3618,2.3833,2.303,1672178400
2.3679,2.383,2.3905,2.3045,1672264800
2.3867,2.5025,2.5233,2.3638,1672351200
2.4909,2.361,2.5057,2.3484,1672696800
2.3501,2.2703,2.3754,2.2433,1672783200
2.2682,2.2735,2.3131,2.2554,1672869600
2.27,2.254,2.3187,2.2356,1672956000
2.251,2.2995,2.3356,2.251,1673215200
2.3005,2.3156,2.3485,2.2797,1673301600
2.3174,2.4371,2.4408,2.3005,1673388000
2.4424,2.4585,2.4944,2.4216,1673474400
2.4569,2.5375,2.5408,2.4472,1673560800
2.5375,2.5069,2.5446,2.4919,1673820000
2.5072,2.5677,2.5792,2.4957,1673906400
2.571,2.524,2.6059,2.5178,1673992800
2.5161,2.6164,2.6286,2.4961,1674079200
2.6265,2.6442,2.6734,2.6046,1674165600
2.6574,2.6931,2.7135,2.6324,1674424800
2.6958,2.6693,2.7038,2.6351,1674511200
2.6776,2.594,2.7186,2.5835,1674597600
2.5925,2.6201,2.6641,2.5665,1674684000
2.6189,2.5825,2.6512,2.5681,1674770400
2.5866,2.5068,2.6087,2.499,1675029600
2.5022,2.5658,2.5734,2.466,1675116000
2.5626,2.4569,2.5941,2.4311,1675202400
2.4567,2.4531,2.493,2.4402,1675288800
2.4529,2.3227,2.4719,2.3137,1675375200
2.3116,2.3798,2.3842,2.272,1675634400
2.3963,2.4538,2.467,2.3739,1675720800
2.4514,2.466,2.485,2.4064,1675807200
2.4691,2.4402,2.484,2.4045,1675893600
2.4356,2.4985,2.5138,2.4263,1675980000
2.5065,2.5136,2.5337,2.4654,1676239200
2.5141,2.4845,2.5261,2.4399,1676325600
2.4777,2.6838,2.7065,2.4777,1676412000
2.6874,2.6289,2.7089,2.6253,1676498400
2.6321,2.6184,2.6355,2.557,1676584800
2.6174,2.6577,2.6643,2.6141,1676844000
2.6559,2.6279,2.6616,2.6081,1676930400
2.6286,2.5398,2.64,2.5352,1677016800
2.5474,2.5944,2.6087,2.5219,1677103200
2.5934,2.5825,2.6186,2.5195,1677189600
2.5913,2.5828,2.6036,2.5575,1677448800
2.5822,2.6397,2.6562,2.576,1677535200
2.642,2.6756,2.6771,2.6256,1677621600
2.6786,2.6913,2.7073,2.6583,1677708000
2.6926,2.756,2.7569,2.6235,1677794400
2.755,2.7948,2.7992,2.7087,1678053600
2.7962,2.68,2.8122,2.678,1678140000
2.6852,2.6847,2.7001,2.6542,1678226400
2.684,2.6,2.7069,2.5996,1678312800
2.6011,2.642,2.6582,2.5677,1678399200
2.6459,2.6068,2.671,2.5236,1678654800
2.6078,2.558,2.6127,2.5369,1678741200
2.5604,2.4645,2.5965,2.3862,1678827600
2.4628,2.4705,2.4828,2.3626,1678914000
2.4684,2.4539,2.5265,2.4177,1679000400
2.4623,2.4935,2.4986,2.3792,1679259600
2.4968,2.496,2.5321,2.4721,1679346000
2.4942,2.5355,2.5685,2.4822,1679432400
2.5331,2.5548,2.613,2.533,1679518800
2.555,2.5462,2.5821,2.4931,1679605200
2.5579,2.6541,2.6632,2.5347,1679864400
2.6541,2.6804,2.6904,2.6268,1679950800
2.6858,2.6303,2.6994,2.6207,1680037200
2.6277,2.6248,2.66,2.5991,1680123600
2.6258,2.6777,2.6931,2.6036,1680210000
2.792,2.7631,2.8232,2.7432,1680469200
2.7606,2.7588,2.7898,2.7016,1680555600
2.7586,2.8194,2.8246,2.7395,1680642000
2.8211,2.803,2.8428,2.7888,1680728400
2.812,2.8172,2.8262,2.7656,1681074000
2.8125,2.855,2.8682,2.784,1681160400
2.8525,2.8629,2.8943,2.8152,1681246800
2.8616,2.8377,2.8616,2.8236,1681333200
2.8377,2.7854,2.8401,2.7537,1681419600
2.7865,2.7342,2.7865,2.7152,1681678800
2.7342,2.7019,2.7442,2.6836,1681765200
2.7006,2.606,2.7121,2.6044,1681851600
2.6121,2.5599,2.6121,2.531,1681938000
2.5591,2.5736,2.6104,2.5531,1682024400
2.5839,2.6093,2.6215,2.5268,1682283600
2.6072,2.5636,2.6295,2.5337,1682370000
2.5662,2.5134,2.588,2.5034,1682456400
2.5092,2.5023,2.526,2.4786,1682542800
2.5058,2.5248,2.5555,2.4732,1682629200
2.5325,2.5553,2.558,2.4744,1682888400
2.5526,2.4328,2.56,2.424,1682974800
2.434,2.312,2.4371,2.3041,1683061200
2.303,2.3249,2.3591,2.25,1683147600
2.3255,2.3819,2.4,2.3208,1683234000
2.3821,2.4453,2.4698,2.377,1683493200
2.4451,2.4825,2.484,2.4121,1683579600
2.4785,2.4961,2.5123,2.4576,1683666000
2.4935,2.4669,2.5155,2.4432,1683752400
2.4678,2.4299,2.4783,2.4156,1683838800
2.4252,2.473,2.4865,2.4017,1684098000
2.4717,2.478,2.4887,2.4457,1684184400
2.4849,2.5136,2.5208,2.4141,1684270800
2.5162,2.514,2.5191,2.4846,1684357200
2.5116,2.5002,2.5525,2.486,1684443600
2.5012,2.5584,2.564,2.47,1684702800
2.5579,2.5985,2.6017,2.5318,1684789200
2.5994,2.6091,2.6239,2.5669,1684875600
2.6107,2.5497,2.62,2.5153,1684962000
2.5514,2.5959,2.6089,2.5397,1685048400
2.5971,2.5903,2.6135,2.5439,1685307600
2.5886,2.484,2.5971,2.4638,1685394000
2.4855,2.4317,2.5353,2.4168,1685480400
2.4273,2.4436,2.4853,2.4016,1685566800
2.4485,2.505,2.5149,2.4323,1685653200
2.5435,2.5281,2.5748,2.5134,1685912400
2.528,2.5412,2.5771,2.4941,1685998800
2.544,2.6433,2.6527,2.5306,1686085200
2.6421,2.6003,2.6822,2.5362,1686171600
2.6031,2.5972,2.6348,2.586,1686258000
2.6014,2.4979,2.6014,2.4756,1686517200
2.4938,2.538,2.5779,2.4905,1686603600
2.5385,2.568,2.5873,2.5343,1686690000
2.5652,2.5453,2.5683,2.4415,1686776400
2.5467,2.5806,2.5905,2.5308,1686862800
2.5788,2.563,2.5845,2.55,1687122000
2.5652,2.5055,2.5719,2.4855,1687208400
2.5054,2.5264,2.5492,2.4753,1687294800
2.5274,2.4729,2.5295,2.4432,1687381200
2.4744,2.4514,2.4762,2.3986,1687467600
2.4581,2.462,2.4699,2.4196,1687726800
2.4672,2.4486,2.4834,2.4136,1687813200
2.4432,2.4805,2.5051,2.421,1687899600
2.4816,2.4934,2.5175,2.4734,1687986000
2.4953,2.5385,2.5481,2.4834,1688072400
2.5364,2.4782,2.5639,2.4605,1688331600
2.4817,2.5111,2.5239,2.4736,1688418000
2.5077,2.5193,2.5574,2.5,1688504400
2.5255,2.5513,2.554,2.4638,1688590800
2.5534,2.5885,2.5991,2.5387,1688677200
2.59,2.576,2.6054,2.5523,1688936400
2.5778,2.6186,2.6279,2.5726,1689022800
2.6189,2.6741,2.6788,2.6173,1689109200
2.6716,2.681,2.6888,2.6422,1689195600
2.6789,2.5772,2.6822,2.5701,1689282000
2.5683,2.5754,2.6025,2.5464,1689541200
2.5769,2.6416,2.6419,2.5683,1689627600
2.6326,2.6754,2.6898,2.62,1689714000
2.6802,2.706,2.7087,2.6539,1689800400
2.709,2.75,2.7609,2.6986,1689886800
2.757,2.8494,2.8867,2.7392,1690146000
2.849,2.796,2.854,2.7768,1690232400
2.7939,2.8446,2.8565,2.767,1690318800
2.844,2.8746,2.8955,2.8232,1690405200
2.8734,2.8828,2.9257,2.8536,1690491600
2.8815,2.9026,2.9088,2.8494,1690750800
2.9036,2.9095,2.9196,2.8605,1690837200
2.9009,2.7796,2.913,2.7664,1690923600
2.787,2.7816,2.787,2.7131,1691010000
2.778,2.7812,2.8199,2.7608,1691096400
2.7887,2.8278,2.8302,2.7712,1691355600
2.8325,2.8382,2.8514,2.7359,1691442000
2.833,2.9349,2.9399,2.8292,1691528400
2.9316,2.9061,2.9443,2.867,1691614800
2.9037,2.9459,2.9859,2.8993,1691701200
2.949,2.6549,2.949,2.6396,1691960400
2.6531,2.6113,2.6789,2.6039,1692046800
2.6155,2.6113,2.6456,2.5841,1692133200
2.6105,2.588,2.6561,2.5862,1692219600
2.5859,2.5909,2.6323,2.5687,1692306000
2.5903,2.5626,2.6403,2.5364,1692565200
2.5659,2.5585,2.5766,2.5438,1692651600
2.5591,2.5617,2.5677,2.5051,1692738000
2.5565,2.5671,2.5911,2.5272,1692824400
2.5674,2.6327,2.6575,2.5631,1692910800
2.6425,2.5596,2.6501,2.5488,1693170000
2.5581,2.5489,2.587,2.5152,1693256400
2.5471,2.5692,2.5868,2.539,1693342800
2.5703,2.5624,2.603,2.5342,1693429200
2.5598,2.6022,2.6094,2.5582,1693515600
2.5974,2.6003,2.6191,2.582,1693774800
2.5981,2.587,2.6548,2.5721,1693861200
2.5864,2.6277,2.6381,2.557,1693947600
2.6297,2.6251,2.657,2.593,1694034000
2.6251,2.6516,2.7049,2.6122,1694120400
2.6545,2.7258,2.7291,2.6378,1694379600
2.7275,2.7135,2.7436,2.7041,1694466000
2.715,2.74,2.7443,2.6959,1694552400
2.7442,2.7487,2.7703,2.7337,1694638800
2.751,2.6576,2.7528,2.6282,1694725200
2.6522,2.6417,2.6736,2.6258,1694984400
2.6326,2.6075,2.6679,2.601,1695070800
2.6062,2.5636,2.626,2.56,1695157200
2.5591,2.5611,2.5975,2.5338,1695243600
2.5688,2.5224,2.595,2.5104,1695330000
2.5224,2.4967,2.5386,2.4814,1695589200
2.497,2.5266,2.53,2.4612,1695675600
2.5271,2.5499,2.5791,2.5215,1695762000
2.5493,2.4744,2.5743,2.4647,1695848400
2.4745,2.3933,2.4858,2.3925,1695934800
2.3946,2.4117,2.437,2.3913,1696194000
2.4115,2.3399,2.4145,2.3382,1696280400
2.3301,2.2005,2.3457,2.194,1696366800
2.2065,2.1978,2.2222,2.1709,1696453200
2.1924,2.1897,2.2227,2.1792,1696539600
2.24,2.2393,2.2788,2.22,1696798800
2.239,2.2615,2.2647,2.2223,1696885200
2.2585,2.1978,2.282,2.192,1696971600
2.1961,2.1815,2.2281,2.1527,1697058000
2.1809,2.2505,2.2566,2.1661,1697144400
2.253,2.2701,2.2768,2.238,1697403600
2.2701,2.2886,2.2891,2.2466,1697490000
2.2912,2.3357,2.341,2.284,1697576400
2.3364,2.3564,2.3612,2.296,1697662800
2.3534,2.3555,2.3796,2.3436,1697749200
2.3534,2.3118,2.3546,2.3016,1698008400
2.3139,2.2592,2.3222,2.2307,1698094800
2.2581,2.264,2.2813,2.2119,1698181200
2.2646,2.2465,2.2707,2.2224,1698267600
2.2477,2.2969,2.3003,2.2393,1698354000
2.2925,2.2224,2.298,2.2127,1698613200
2.2233,2.2266,2.2528,2.2073,1698699600
2.2275,2.1918,2.285,2.1822,1698786000
2.1943,2.2427,2.2504,2.1836,1698872400
2.2446,2.2024,2.2586,2.1833,1698958800
2.2036,2.2391,2.261,2.1975,1699221600
2.2395,2.1661,2.2505,2.157,1699308000
2.1677,2.1386,2.1775,2.122,1699394400
2.1402,2.1632,2.195,2.1224,1699480800
2.1642,2.1882,2.2046,2.1537,1699567200
2.1852,2.2412,2.2436,2.155,1699826400
2.2464,2.1985,2.2467,2.189,1699912800
2.1967,2.1773,2.2092,2.1494,1699999200
2.1796,2.0777,2.1798,2.0697,1700085600
2.075,2.1511,2.1621,2.0704,1700172000
2.1487,2.1929,2.2264,2.1344,1700431200
2.1944,2.2094,2.2112,2.1689,1700517600
2.2101,2.1914,2.2152,2.1059,1700604000
2.1899,2.1798,2.1917,2.1606,1700690400
2.1856,2.1345,2.2143,2.1276,1700776800
2.1344,2.1584,2.1774,2.1132,1701036000
2.159,2.202,2.2081,2.1448,1701122400
2.202,2.2417,2.2505,2.1607,1701208800
2.2416,2.1617,2.2779,2.1507,1701295200
2.1615,2.126,2.1988,2.1162,1701381600
2.1256,2.1458,2.1596,2.0923,1701640800
2.1468,2.1098,2.1662,2.1074,1701727200
2.1073,2.0343,2.1193,2.0184,1701813600
2.0323,2.0085,2.0519,1.998,1701900000
2.0101,2.0591,2.0658,2.0058,1701986400
2.0455,2.0494,2.0734,2.0333,1702245600
2.0545,1.9912,2.0612,1.9702,1702332000
1.9871,2.0394,2.041,1.9672,1702418400
2.0411,2.1219,2.1295,2.0323,1702504800
2.1247,2.1453,2.1669,2.111,1702591200
2.1458,2.1785,2.2252,2.1139,1702850400
2.1819,2.2054,2.2144,2.148,1702936800
2.2021,2.1919,2.2233,2.1842,1703023200
2.19,2.1756,2.2028,2.1406,1703109600
2.1749,2.13,2.2114,2.1182,1703196000
2.1285,2.1695,2.1974,2.1268,1703541600
2.167,2.1542,2.2021,2.1526,1703628000
2.1555,2.108,2.1705,2.0974,1703714400
2.112,2.1133,2.1453,2.095,1703800800
2.109,2.096,2.1717,2.0796,1704146400
2.0978,2.1529,2.168,2.067,1704232800
2.1559,2.1141,2.1734,2.0857,1704319200
2.1114,2.1061,2.142,2.1007,1704405600
2.1127,2.0394,2.1157,2.0072,1704664800
2.0361,2.0805,2.095,2.026,1704751200
2.0828,2.0709,2.1362,2.0557,1704837600
2.0701,2.1379,2.1393,2.0641,1704924000
2.139,2.1215,2.1977,2.1155,1705010400
2.118,2.1207,2.1358,2.0911,1705269600
2.126,2.1162,2.1931,2.1044,1705356000
2.126,2.161,2.1645,2.103,1705442400
2.1621,2.2,2.2078,2.1364,1705528800
2.2043,2.1942,2.2188,2.177,1705615200
2.1994,2.2601,2.2652,2.1733,1705874400
2.2608,2.2259,2.2715,2.2049,1705960800
2.2254,2.2471,2.2715,2.2143,1706047200
2.2463,2.286,2.2933,2.2396,1706133600
2.2921,2.3308,2.334,2.2555,1706220000
2.3401,2.2699,2.3514,2.2511,1706479200
2.2727,2.294,2.3012,2.2069,1706565600
2.294,2.2273,2.3017,2.2178,1706652000
2.2273,2.1924,2.2607,2.156,1706738400
2.1949,2.1444,2.214,2.1212,1706824800
2.1506,2.2094,2.2116,2.1365,1707084000
2.2061,2.2178,2.2283,2.198,1707170400
2.216,2.2685,2.2729,2.2106,1707256800
2.2742,2.338,2.345,2.2627,1707343200
2.3397,2.3349,2.3615,2.3245,1707429600
2.332,2.3666,2.3738,2.3164,1707688800
2.3672,2.3989,2.4134,2.3581,1707775200
2.4014,2.5454,2.6338,2.3964,1707861600
2.5502,2.5597,2.5868,2.5069,1707948000
2.5564,2.5661,2.5794,2.5234,1708034400
2.5687,2.5607,2.5696,2.545,1708293600
2.5604,2.522,2.5655,2.5051,1708380000
2.5285,2.532,2.5412,2.5013,1708466400
2.5367,2.5555,2.5683,2.493,1708552800
2.5542,2.5074,2.5575,2.5011,1708639200
2.507,2.5636,2.5808,2.4904,1708898400
2.5634,2.5874,2.5983,2.5595,1708984800
2.5905,2.5394,2.6029,2.5337,1709071200
2.5352,2.5795,2.595,2.5305,1709157600
2.5802,2.6109,2.638,2.5737,1709244000
2.6145,2.5874,2.6244,2.5744,1709503200
2.5865,2.5343,2.5925,2.5192,1709589600
2.5359,2.547,2.5891,2.5303,1709676000
2.5483,2.5601,2.5834,2.5247,1709762400
2.5638,2.5231,2.5767,2.5152,1709848800
2.5247,2.5811,2.5899,2.5105,1710104400
2.5817,2.6005,2.6028,2.5495,1710190800
2.6001,2.6545,2.6671,2.5916,1710277200
2.6601,2.6965,2.7055,2.6548,1710363600
2.6969,2.6943,2.7095,2.669,1710450000
2.697,2.7302,2.754,2.6948,1710709200
2.7301,2.7343,2.7549,2.7225,1710795600
2.7343,2.7206,2.738,2.6961,1710882000
2.7204,2.7059,2.733,2.6854,1710968400
2.7047,2.7149,2.7317,2.6896,1711054800
2.7166,2.7267,2.7467,2.7033,1711314000
2.7267,2.6794,2.7356,2.6756,1711400400
2.6804,2.6796,2.6943,2.6576,1711486800
2.6789,2.7207,2.7263,2.6678,1711573200
2.7208,2.7186,2.7285,2.682,1711918800
2.7211,2.7711,2.7743,2.7083,1712005200
2.773,2.7634,2.791,2.7581,1712091600
2.7634,2.801,2.8062,2.7393,1712178000
2.8021,2.772,2.8172,2.7716,1712264400
2.7645,2.752,2.7845,2.724,1712523600
2.7505,2.7505,2.7766,2.7392,1712610000
2.7538,2.7832,2.7902,2.7276,1712696400
2.7855,2.7867,2.8067,2.7503,1712782800
2.7873,2.7963,2.8516,2.7837,1712869200
2.81,2.7903,2.8223,2.7419,1713128400
2.7948,2.7861,2.7987,2.7533,1713214800
2.7888,2.7035,2.7918,2.6938,1713301200
2.7031,2.6757,2.7136,2.6635,1713387600
2.6795,2.683,2.7566,2.653,1713474000
2.6828,2.6673,2.6877,2.6407,1713733200
2.6667,2.7024,2.7052,2.6243,1713819600
2.7048,2.7084,2.7164,2.6873,1713906000
2.7095,2.7426,2.744,2.6861,1713992400
2.7449,2.7415,2.7562,2.7257,1714078800
2.7419,2.7375,2.7608,2.722,1714338000
2.7368,2.6822,2.7411,2.6629,1714424400
2.6803,2.5753,2.6834,2.5739,1714510800
2.5754,2.5967,2.607,2.5677,1714597200
2.5989,2.55,2.6234,2.5481,1714683600
2.5513,2.5858,2.5929,2.5435,1714942800
2.5867,2.5385,2.595,2.5283,1715029200
2.5387,2.5391,2.5419,2.4826,1715115600
2.5426,2.5479,2.5655,2.53,1715202000
2.5493,2.501,2.568,2.4961,1715288400
2.51,2.5144,2.5313,2.4913,1715547600
2.5162,2.4713,2.5191,2.4517,1715634000
2.4728,2.5027,2.505,2.4427,1715720400
2.5009,2.5417,2.544,2.5009,1715806800
2.5428,2.562,2.5636,2.5276,1715893200
2.5587,2.5298,2.5675,2.5131,1716152400
2.5291,2.4916,2.5339,2.478,1716238800
2.4914,2.4592,2.4971,2.4521,1716325200
2.4584,2.4621,2.5034,2.444,1716411600
2.4627,2.4786,2.4864,2.4371,1716498000
2.4776,2.4974,2.5056,2.4715,1716757200
2.4982,2.5141,2.516,2.4869,1716843600
2.5141,2.4581,2.5251,2.4525,1716930000
2.4587,2.3981,2.4604,2.3968,1717016400
2.397,2.4213,2.4343,2.3878,1717102800
2.4201,2.3304,2.44,2.33,1717362000
2.3318,2.3303,2.357,2.2985,1717448400
2.3291,2.3629,2.3646,2.3262,1717534800
2.3649,2.4031,2.4032,2.3553,1717621200
2.4032,2.3803,2.415,2.3741,1717707600
2.3767,2.4259,2.4275,2.3722,1717966800
2.4265,2.4269,2.4296,2.3869,1718053200
2.4272,2.3927,2.4517,2.3883,1718139600
2.3943,2.3943,2.4091,2.3558,1718226000
2.3941,2.392,2.4319,2.3868,1718312400
2.3939,2.4331,2.4354,2.3707,1718571600
2.4354,2.474,2.4758,2.4158,1718658000
2.4751,2.4838,2.4981,2.4674,1718744400
2.4852,2.4827,2.5,2.4714,1718830800
2.4848,2.4927,2.5218,2.476,1718917200
2.4884,2.4969,2.5058,2.47,1719176400
2.5011,2.4838,2.5185,2.4803,1719262800
2.4859,2.5208,2.5371,2.4812,1719349200
2.5209,2.5295,2.5624,2.5139,1719435600
2.5296,2.5099,2.5532,2.4966,1719522000
2.5099,2.5731,2.5801,2.509,1719781200
2.5731,2.5759,2.615,2.5682,1719867600
2.5755,2.5843,2.6029,2.5398,1719954000
2.5846,2.5824,2.5906,2.5611,1720040400
2.583,2.5755,2.6217,2.5566,1720126800
2.564,2.5345,2.574,2.5255,1720386000
2.5342,2.5342,2.5604,2.5188,1720472400
2.533,2.51,2.5334,2.4921,1720558800
2.51,2.524,2.5286,2.4914,1720645200
2.5248,2.511,2.5396,2.509,1720731600
2.5127,2.4944,2.5209,2.4807,1720990800
2.4939,2.4687,2.4957,2.444,1721077200
2.467,2.4736,2.4736,2.4279,1721163600
2.4739,2.4711,2.4868,2.447,1721250000
2.4725,2.4147,2.4865,2.412,1721336400
2.4184,2.4217,2.4313,2.3822,1721595600
2.4244,2.3976,2.4312,2.3745,1721682000
2.3971,2.4063,2.4279,2.3851,1721768400
2.4065,2.4341,2.4349,2.3685,1721854800
2.4333,2.4046,2.4427,2.3907,1721941200
2.4193,2.3724,2.4289,2.3688,1722200400
2.3737,2.3566,2.378,2.3316,1722286800
2.3567,2.4617,2.4626,2.3529,1722373200
2.462,2.4125,2.4691,2.3941,1722459600
2.4102,2.3307,2.4231,2.3045,1722546000
2.3297,2.3553,2.3598,2.2581,1722805200
2.3552,2.3105,2.3733,2.3073,1722891600
2.3078,2.3667,2.3784,2.2962,1722978000
2.365,2.3946,2.4103,2.3458,1723064400
2.3939,2.397,2.4085,2.3693,1723150800
2.3972,2.4383,2.4442,2.3878,1723410000
2.4363,2.3846,2.441,2.3675,1723496400
2.3824,2.3266,2.3945,2.3158,1723582800
2.335,2.1854,2.3445,2.1485,1723669200
2.181,2.1424,2.1895,2.1329,1723755600
2.1397,2.0977,2.1461,2.0877,1724014800
2.1044,2.0781,2.1109,2.0645,1724101200
2.0781,2.0524,2.0913,2.0298,1724187600
2.0524,2.0786,2.0909,2.0393,1724274000
2.0783,2.1233,2.125,2.0758,1724360400
2.1274,2.1372,2.1714,2.1231,1724619600
2.1375,2.1002,2.1477,2.0901,1724706000
2.1,2.0626,2.1023,2.0526,1724792400
2.0611,2.1103,2.116,2.0494,1724878800
2.1082,2.0968,2.1333,2.0781,1724965200
2.0936,2.0676,2.0936,2.0547,1725224400
2.0683,1.978,2.0808,1.9648,1725310800
1.9782,1.955,2.0013,1.9461,1725397200
1.9489,1.9349,1.9734,1.9141,1725483600
1.9362,1.9002,1.9593,1.8757,1725570000
1.9034,1.933,1.9504,1.8964,1725829200
1.9327,1.8859,1.9466,1.8584,1725915600
1.8845,1.9001,1.92,1.8545,1726002000
1.8922,1.9368,1.9487,1.8914,1726088400
1.9368,1.9386,1.9717,1.9279,1726174800
1.9396,1.9477,1.9559,1.8975,1726434000
1.948,1.967,1.9798,1.9333,1726520400
1.9645,1.9656,1.9945,1.9381,1726606800
1.9656,2.0281,2.0367,1.9656,1726693200
2.0246,2.0174,2.0314,2.0033,1726779600
2.0211,1.9795,2.0254,1.9481,1727038800
1.9799,2.0061,2.0244,1.9735,1727125200
2.0067,1.9794,2.01,1.9522,1727211600
1.9774,1.9235,1.9855,1.9201,1727298000
1.9221,1.9329,1.9503,1.9058,1727384400
1.9337,1.9379,1.9566,1.9084,1727643600
1.9308,1.986,2.0077,1.8812,1727730000
1.9933,2.0133,2.029,1.9612,1727816400
2.0123,2.0933,2.1041,1.998,1727902800
2.0943,2.0938,2.1258,2.0822,1727989200
2.096,2.155,2.1673,2.0741,1728248400
2.155,2.0734,2.1753,2.0449,1728334800
2.0699,2.0659,2.0866,2.02,1728421200
2.0659,2.1488,2.1581,2.0644,1728507600
2.1459,2.1192,2.153,2.0901,1728594000
2.1116,2.0314,2.1159,2.0314,1728853200
2.0288,2.015,2.0423,1.9792,1728939600
2.011,2.0156,2.0215,1.9857,1729026000
2.0159,2.0091,2.025,1.9728,1729112400
2.008,1.9669,2.0193,1.9512,1729198800
1.975,1.9793,2.007,1.9612,1729458000
1.9702,2.0285,2.0403,1.9633,1729544400
2.0301,2.0109,2.0389,1.9927,1729630800
2.01,1.9965,2.0385,1.9783,1729717200
1.9948,2.0393,2.0425,1.9858,1729803600
2.006,1.9373,2.006,1.9202,1730062800
1.9373,1.9279,1.9532,1.9011,1730149200
1.9219,1.972,1.9744,1.9214,1730235600
1.9669,1.9994,2.0088,1.9522,1730322000
2.001,1.9634,2.0244,1.9633,1730408400
1.9815,2.0258,2.0329,1.9813,1730671200
2.0291,2.0422,2.0606,2.0174,1730757600
2.0418,2.0408,2.0577,1.981,1730844000
2.0397,2.0509,2.0618,2.0117,1730930400
2.0499,2.0139,2.051,1.9985,1731016800
2.0127,1.9609,2.0219,1.9554,1731276000
1.9606,1.9608,1.9934,1.9491,1731362400
1.9613,1.9535,1.985,1.93,1731448800
1.954,1.9768,1.995,1.9477,1731535200
1.9778,1.9199,1.9778,1.9179,1731621600
1.918,1.9817,1.9884,1.9126,1731880800
1.983,1.9935,2.0054,1.9629,1731967200
1.9942,1.9926,2.0186,1.9865,1732053600
1.9926,1.9984,2.028,1.9782,1732140000
1.9972,2.0101,2.0274,1.9771,1732226400
2.0133,1.9537,2.0177,1.9452,1732485600
1.9523,1.9506,1.9907,1.9325,1732572000
1.9494,1.932,1.9619,1.911,1732658400
1.9331,1.9401,1.9513,1.923,1732744800
1.9394,1.9067,1.956,1.8959,1732831200
1.905,1.919,1.9324,1.8968,1733090400
1.9189,1.9619,1.9708,1.9124,1733176800
1.9633,1.9409,1.9793,1.9355,1733263200
1.9395,1.9373,1.9515,1.9209,1733349600
1.9356,1.9043,1.9377,1.8949,1733436000
1.905,1.944,1.9634,1.9019,1733695200
1.945,1.9515,1.9727,1.9359,1733781600
1.9515,1.9919,1.9935,1.949,1733868000
1.9915,1.9907,1.999,1.9559,1733954400
1.9905,1.9961,2.013,1.9838,1734040800
2.0046,1.985,2.0091,1.9793,1734300000
1.985,1.9605,1.9903,1.9381,1734386400
1.9591,1.9426,1.986,1.9397,1734472800
1.943,1.9252,1.9649,1.9211,1734559200
1.926,1.9505,1.9596,1.9122,1734645600
1.9496,1.9541,1.9678,1.9273,1734904800
1.9565,1.9731,1.9896,1.9507,1734991200
1.9826,1.9593,1.9841,1.9466,1735164000
1.959,1.9621,1.9785,1.9524,1735250400
1.9636,1.9925,2.0041,1.9582,1735509600
1.9935,2.0139,2.0141,1.978,1735596000
2.009,2.0527,2.0729,2.0088,1735768800
2.0533,2.0572,2.0658,2.0424,1735855200
2.0544,2.0317,2.0805,2.027,1736114400
2.0312,2.0307,2.0492,2.0221,1736200800
2.0311,2.0143,2.0446,2.0024,1736287200
2.0108,2.0381,2.0401,2,1736373600
2.0365,2.0731,2.1028,2.0337,1736460000
2.0736,2.1017,2.1213,2.0727,1736719200
2.1017,2.1175,2.1234,2.0862,1736805600
2.114,2.2002,2.2009,2.1107,1736892000
2.2002,2.1492,2.2025,2.1279,1736978400
2.1492,2.1403,2.1628,2.1375,1737064800
2.145,2.1361,2.1583,2.1243,1737324000
2.1375,2.1192,2.1495,2.1064,1737410400
2.118,2.0859,2.1303,2.0843,1737496800
2.0859,2.0871,2.1134,2.0801,1737583200
2.0864,2.0769,2.0977,2.0611,1737669600
2.0765,2.055,2.0918,2.0369,1737928800
2.0543,2.079,2.0874,2.052,1738015200
2.0778,2.064,2.0852,2.0512,1738101600
2.0637,2.0812,2.0938,2.0378,1738188000
2.0821,2.088,2.0896,2.0371,1738274400
2.1188,2.0745,2.1681,2.0717,1738533600
2.0768,2.0994,2.1115,2.0429,1738620000
2.1013,2.0503,2.1051,2.0392,1738706400
2.0478,2.0729,2.0802,2.0428,1738792800
2.073,2.1076,2.1105,2.0718,1738879200
2.1005,2.1069,2.1308,2.0993,1739138400
2.1061,2.1502,2.158,2.1003,1739224800
2.1502,2.0771,2.1539,2.0771,1739311200
2.076,2.3305,2.3323,2.0707,1739397600
2.3305,2.3095,2.3471,2.3075,1739484000
2.3107,2.3285,2.33,2.2976,1739743200
2.3285,2.3237,2.3418,2.3129,1739829600
2.3245,2.321,2.3486,2.3083,1739916000
2.3175,2.3242,2.3409,2.3095,1740002400
2.3239,2.2695,2.3296,2.2619,1740088800
2.2635,2.2739,2.2782,2.2508,1740348000
2.2749,2.2195,2.2836,2.2104,1740434400
2.2182,2.1966,2.224,2.1823,1740520800
2.1949,2.2417,2.2448,2.1896,1740607200
2.2407,2.2306,2.2438,2.2061,1740693600
2.2291,2.1988,2.2489,2.1764,1740952800
2.1972,2.1771,2.2046,2.1502,1741039200
2.1771,2.1347,2.1853,2.0961,1741125600
2.1347,2.0952,2.1452,2.0892,1741212000
2.0969,2.1074,2.1505,2.0944,1741298400
2.1075,2.0864,2.1339,2.0853,1741554000
2.0858,2.1164,2.1306,2.0702,1741640400
2.1159,2.1498,2.1573,2.1087,1741726800
2.1497,2.1376,2.1645,2.1289,1741813200
2.1365,2.1522,2.1555,2.1308,1741899600
2.161,2.1816,2.1864,2.1553,1742158800
2.1812,2.1649,2.2077,2.1604,1742245200
2.1664,2.174,2.1893,2.1519,1742331600
2.1725,2.2008,2.201,2.1513,1742418000
2.2036,2.1949,2.2103,2.177,1742504400
2.1951,2.2095,2.2163,2.1835,1742763600
2.2094,2.2187,2.2277,2.1992,1742850000
2.2189,2.2467,2.2517,2.2164,1742936400
2.2451,2.2538,2.2563,2.2252,1743022800
2.2536,2.2351,2.2669,2.233,1743109200
2.2435,2.2897,2.2976,2.2307,1743368400
2.288,2.3048,2.3112,2.2811,1743454800
2.3019,2.3211,2.3447,2.2935,1743541200
2.3025,2.1528,2.3025,2.1397,1743627600
2.1528,2.0647,2.1599,2.0065,1743714000
2.04,2.0253,2.1062,1.9795,1743973200
2.0157,1.9619,2.0549,1.9556,1744059600
1.9585,2.0415,2.0565,1.8788,1744146000
2.0375,1.959,2.0487,1.9287,1744232400
1.9599,1.999,2.0022,1.9367,1744318800
2.0028,2.0166,2.0389,1.994,1744578000
2.016,2.0261,2.032,2.0048,1744664400
2.0254,2.0396,2.0469,1.9967,1744750800
2.0391,2.0839,2.0968,2.0391,1744837200
2.0832,2.0639,2.0882,2.0355,1745182800
2.0638,2.0888,2.1086,2.0638,1745269200
2.0921,2.072,2.1241,2.0445,1745355600
2.0742,2.0991,2.1,2.0675,1745442000
2.0998,2.1105,2.1172,2.0775,1745528400
2.1185,2.0898,2.1227,2.0813,1745787600
2.0924,2.0494,2.0974,2.0481,1745874000
2.0501,2.0233,2.0584,2.0061,1745960400
2.0238,2.0428,2.059,1.9838,1746046800
2.039,2.0235,2.0623,2.0042,1746133200
1.994,2.0281,2.0312,1.9582,1746392400
2.0259,2.0585,2.082,2.0216,1746478800
2.0594,2.0229,2.0846,2.0186,1746565200
2.0224,2.0964,2.0982,2.0164,1746651600
2.098,2.1112,2.1211,2.0865,1746738000
2.1123,2.0997,2.1371,2.0823,1746997200
2.0967,2.1311,2.1362,2.089,1747083600
2.1311,2.1146,2.1399,2.107,1747170000
2.113,2.0938,2.1157,2.0605,1747256400
2.0907,2.1009,2.1103,2.0769,1747342800
2.1008,2.095,2.1066,2.0705,1747602000
2.0939,2.1111,2.1128,2.0821,1747688400
2.1125,2.0969,2.148,2.0858,1747774800
2.092,2.0872,2.0964,2.0644,1747861200
2.0829,2.0789,2.1011,2.0637,1747947600
2.085,2.0825,2.0937,2.0689,1748206800
2.082,2.0515,2.092,2.0431,1748293200
2.0501,2.0617,2.0802,2.0462,1748379600
2.0595,2.0305,2.0975,2.0265,1748466000
2.031,2.0132,2.0531,1.9943,1748552400
2.0151,2.0635,2.0924,2.0151,1748811600
2.064,2.0705,2.0886,2.05,1748898000
2.0726,2.0339,2.078,2.0249,1748984400
2.0346,2.0604,2.0733,2.0279,1749070800
2.0588,2.0803,2.0843,2.0506,1749157200
2.082,2.0952,2.0999,2.0681,1749416400
2.0901,2.0805,2.1142,2.0779,1749502800
2.0834,2.1666,2.1736,2.0771,1749589200
2.1805,2.1614,2.1898,2.1222,1749675600
2.1658,2.2217,2.2863,2.1508,1749762000
2.2632,2.2006,2.2984,2.1654,1750021200
2.1938,2.2679,2.27,2.1916,1750107600
2.2678,2.2803,2.3029,2.2365,1750194000
2.2796,2.3029,2.3482,2.2644,1750280400
2.2999,2.3179,2.3227,2.2798,1750366800
2.3676,2.1639,2.395,2.1488,1750626000
2.1647,2.0917,2.1745,2.0691,1750712400
2.0923,2.0667,2.1083,2.0639,1750798800
2.0663,2.0753,2.1055,2.0595,1750885200
2.078,2.0617,2.0886,2.0429,1750971600
2.0602,2.0681,2.0821,2.0492,1751230800
2.0654,2.0983,2.1057,2.0585,1751317200
2.0964,2.124,2.1257,2.0813,1751403600
2.1192,2.1187,2.1248,2.102,1751490000
2.118,2.1171,2.1249,2.1033,1751576400
2.1078,2.1533,2.1601,2.0869,1751835600
2.1529,2.1859,2.1988,2.1445,1751922000
2.184,2.1918,2.204,2.1723,1752008400
2.1941,2.1579,2.2,2.1448,1752094800
2.1618,2.1926,2.1944,2.1367,1752181200
2.1958,2.162,2.2124,2.1571,1752440400
2.1616,2.1276,2.1655,2.1077,1752526800
2.1289,2.1091,2.1308,2.0888,1752613200
2.1039,2.1312,2.132,2.1023,1752699600
2.134,2.1066,2.1501,2.1065,1752786000
2.1088,2.0895,2.1131,2.0813,1753045200
2.092,2.07,2.0923,2.0604,1753131600
2.0737,2.0848,2.0931,2.06,1753218000
2.0881,2.0776,2.1046,2.0547,1753304400
2.0767,2.0593,2.0916,2.0564,1753390800
2.0626,2.1097,2.1153,2.0574,1753650000
2.1122,2.1783,2.1886,2.0995,1753736400
2.1786,2.2071,2.2112,2.1513,1753822800
2.2104,2.1736,2.2107,2.1591,1753909200
2.1737,2.1076,2.1776,2.103,1753995600
2.1025,2.1017,2.1261,2.0763,1754254800
2.0992,2.0878,2.1067,2.0826,1754341200
2.09,2.0854,2.1384,2.0723,1754427600
2.0877,2.0719,2.1159,2.0703,1754514000
2.0774,2.0706,2.1015,2.0492,1754600400
2.0696,2.0775,2.0979,2.0586,1754859600
2.0778,2.0712,2.0928,2.0648,1754946000
2.071,2.0775,2.0836,2.047,1755032400
2.077,2.111,2.1126,2.0748,1755118800
2.1093,1.9158,2.1114,1.9061,1755205200
1.9136,1.9372,1.9399,1.8952,1755464400
1.9391,1.9272,1.9391,1.9119,1755550800
1.9265,1.9585,1.9636,1.9204,1755637200
1.9599,1.9891,1.9898,1.9579,1755723600
1.99,1.9921,1.9992,1.9769,1755810000
1.9936,1.9952,2.0097,1.982,1756069200
1.9945,1.9605,1.9979,1.9489,1756155600
1.9587,1.9629,1.9731,1.9474,1756242000
1.9648,1.9847,1.9921,1.9421,1756328400
1.986,1.9684,1.9896,1.9618,1756414800
1.9638,1.9948,1.9964,1.955,1756674000
1.9937,2.0419,2.0466,1.9894,1756760400
2.0378,2.0081,2.0462,2.0003,1756846800
2.0113,2.0042,2.0283,1.9916,1756933200
2.0041,1.9679,2.0071,1.9462,1757019600
1.968,1.9611,2.003,1.9526,1757278800
1.9626,1.9943,2.0101,1.9585,1757365200
1.993,2.0084,2.0173,1.9878,1757451600
2.009,1.9722,2.0096,1.9615,1757538000
1.9734,1.9862,2.0184,1.9533,1757624400
1.995,2.0122,2.021,1.9823,1757883600
2.0143,2.0432,2.0475,2.0026,1757970000
2.0373,1.9638,2.0498,1.9588,1758056400
1.9626,1.9551,1.9712,1.9415,1758142800
1.9543,1.9105,1.956,1.9104,1758229200
1.9112,1.9196,1.9324,1.8914,1758488400
1.9195,1.9465,1.9503,1.9073,1758574800
1.9481,1.9582,1.9642,1.9348,1758661200
1.9567,1.9595,1.9655,1.9327,1758747600
1.9597,1.9787,2.0045,1.9465,1758834000
1.9722,1.9343,1.9922,1.9293,1759093200
1.9347,1.9184,1.9368,1.9,1759179600
1.9188,1.8885,1.9309,1.8757,1759266000
1.8885,1.8516,1.9043,1.8435,1759352400
1.8503,1.8573,1.8819,1.849,1759438800
1.87,1.899,1.9061,1.8693,1759698000
1.8987,1.9067,1.9105,1.8676,1759784400
1.9086,1.9035,1.9222,1.8966,1759870800
1.9045,1.8786,1.9208,1.8752,1759957200
1.8799,1.8086,1.8832,1.8053,1760043600
1.8124,1.8015,1.8412,1.7852,1760302800
1.8027,1.7787,1.8093,1.7622,1760389200
1.7792,1.7912,1.7977,1.7747,1760475600
1.7917,1.7608,1.8014,1.7545,1760562000
1.7604,1.7794,1.7846,1.7407,1760648400
1.7783,1.7728,1.7852,1.7527,1760907600
1.7716,1.7758,1.7905,1.7469,1760994000
1.7751,1.8278,1.8378,1.7703,1761080400
1.832,1.8725,1.8864,1.8304,1761166800
1.8744,1.8631,1.8915,1.8625,1761253200
1.8686,1.8742,1.8825,1.8461,1761512400
1.8735,1.8709,1.8755,1.8418,1761598800
1.8735,1.8919,1.9,1.8582,1761685200
1.8889,1.8826,1.8952,1.8596,1761771600
1.8839,1.8987,1.9059,1.8711,1761858000
1.9008,1.9162,1.9281,1.8838,1762120800
1.9187,1.9213,1.9315,1.8899,1762207200
1.9213,1.9127,1.9342,1.9006,1762293600
1.9132,1.9562,1.9676,1.9114,1762380000
1.9588,1.9443,1.9886,1.9353,1762466400
1.944,1.9612,1.9785,1.9377,1762725600
1.963,2.0128,2.0182,1.9524,1762812000
2.0132,1.9543,2.0136,1.9514,1762898400
1.9523,1.8874,1.9561,1.8756,1762984800
1.8902,1.9268,1.9389,1.8902,1763071200
1.9282,1.9068,1.9325,1.9062,1763330400
1.9077,1.9154,1.929,1.8823,1763416800
1.9196,1.8645,1.9199,1.8517,1763503200
1.8636,1.8396,1.876,1.8265,1763589600
1.8407,1.8079,1.8407,1.7984,1763676000
1.8079,1.8278,1.8331,1.7935,1763935200
1.8284,1.8041,1.8314,1.7796,1764021600
1.8064,1.8264,1.8321,1.7972,1764108000
1.8256,1.8594,1.8631,1.8197,1764194400
1.86,1.8217,1.8744,1.8164,1764280800
1.8261,1.8709,1.8748,1.8187,1764540000
1.8708,1.8281,1.8755,1.8263,1764626400
1.8332,1.828,1.8524,1.8221,1764712800
1.8268,1.8321,1.8386,1.8139,1764799200
1.8321,1.8348,1.8515,1.8214,1764885600
1.842,1.7956,1.8494,1.7933,1765144800
1.7957,1.7943,1.8117,1.7853,1765231200
1.7949,1.7941,1.8012,1.7638,1765317600
1.7941,1.7661,1.7941,1.7452,1765404000
1.7661,1.7535,1.7771,1.7445,1765490400
1.758,1.7272,1.7625,1.7221,1765749600
1.7312,1.682,1.7312,1.6795,1765836000
1.6833,1.7198,1.7207,1.6811,1765922400
1.7196,1.7023,1.7219,1.6966,1766008800
1.7024,1.7164,1.7249,1.6995,1766095200
1.716,1.7489,1.7542,1.7146,1766354400
1.7478,1.7573,1.7602,1.7369,1766440800
1.7594,1.7578,1.7679,1.7498,1766527200
1.7646,1.7088,1.7692,1.7047,1766700000
1.7095,1.7202,1.7451,1.7087,1766959200
1.7202,1.7328,1.7438,1.705,1767045600
1.7328,1.7125,1.7415,1.7067,1767132000
1.7105,1.6995,1.7287,1.6847,1767304800
1.7034,1.7198,1.7267,1.6656,1767564000
1.7187,1.6988,1.7359,1.6933,1767650400
1.6981,1.7043,1.721,1.6826,1767736800
1.7016,1.7783,1.7861,1.6929,1767823200
1.7749,1.7749,1.801,1.7615,1767909600
1.781,1.8033,1.8057,1.7704,1768168800
1.803,1.8242,1.838,1.7975,1768255200
1.8219,1.8436,1.8723,1.796,1768341600
1.8529,1.8131,1.8529,1.79,1768428000
1.8142,1.8111,1.8275,1.8043,1768514400
1.8076,1.8187,1.8228,1.7937,1768773600
1.8204,1.8348,1.8552,1.8002,1768860000
1.839,1.8763,1.882,1.8276,1768946400
1.8768,1.8469,1.88,1.8209,1769032800
1.8524,1.8717,1.8803,1.8408,1769119200
1.8709,1.8415,1.8774,1.8318,1769378400
1.8406,1.8911,1.8931,1.825,1769464800
1.8955,1.9084,1.9123,1.8791,1769551200
1.9132,1.9335,1.9573,1.9094,1769637600
1.9285,1.9477,1.9595,1.8893,1769724000
1.9399,1.8532,1.9399,1.8398,1769983200
1.8546,1.9141,1.918,1.8305,1770069600
1.9054,1.9482,1.97,1.8941,1770156000
1.9489,1.9242,1.9662,1.9111,1770242400
1.925,1.9522,1.9647,1.9104,1770328800
1.946,1.9878,2.0003,1.935,1770588000
1.9881,1.9637,1.9893,1.9549,1770674400
1.967,1.9825,2.012,1.9647,1770760800
1.984,2.1441,2.2081,1.9682,1770847200
2.144,2.1348,2.1479,2.1202,1770933600
2.1458,2.1527,2.1563,2.1265,1771192800
2.1519,2.1402,2.1663,2.122,1771279200
2.1393,2.2033,2.2134,2.1368,1771365600
2.2089,2.2494,2.2569,2.2011,1771452000
2.2498,2.2404,2.2593,2.2319,1771538400
2.2323,2.2499,2.2648,2.2179,1771797600
2.2507,2.2445,2.2644,2.2255,1771884000
2.2436,2.2493,2.2584,2.2316,1771970400
2.2502,2.2598,2.278,2.2153,1772056800
2.258,2.3011,2.3075,2.245,1772143200
2.484,2.3775,2.4955,2.3274,1772402400
2.3641,2.4571,2.5328,2.3566,1772488800
2.4681,2.5349,2.5427,2.45,1772575200
2.5436,2.6207,2.6861,2.533,1772661600
2.6365,2.7677,2.7699,2.5758,1772748000
2.84,2.598,3.1468,2.5006,1773003600
2.6396,2.6567,2.718,2.4748,1773090000
2.6778,2.7796,2.7846,2.5994,1773176400
2.787,2.9338,2.9464,2.77,1773262800
2.9376,3.0139,3.0154,2.8577,1773349200
3.0251,2.9704,3.0657,2.9331,1773608400
2.9653,3.0953,3.0985,2.9653,1773694800
3.0938,3.1555,3.2049,3.0076,1773781200
3.1672,3.0846,3.249,3.0068,1773867600
3.0893,3.2593,3.2809,3.0372,1773954000
3.2961,2.9412,3.348,2.8539,1774213200
2.9332,2.9894,3.1044,2.9301,1774299600
2.997,2.972,3.0117,2.8736,1774386000
2.9749,3.0597,3.1057,2.9677,1774472400
3.0752,3.2253,3.2296,3.0164,1774558800
3.2375,3.2969,3.3014,3.1978,1774818000
3.3109,3.1877,3.3854,3.1671,1774904400
3.1877,3.0689,3.2595,3.0615,1774990800
3.0848,3.067,3.0848,3.0615,1775077200
3.34,3.237,3.3534,3.2124,1775509200
3.1895,3.0158,3.219,2.8859,1775595600
3.0195,3.0171,3.1138,2.9679,1775682000
3.0149,3.0127,3.0708,2.984,1775768400
3.1835,3.0746,3.2048,3.0696,1776027600
3.076,3.0367,3.1146,3.0098,1776114000
2.9716,2.9972,3.0308,2.9256,1776200400
2.9943,3.0763,3.0941,2.9845,1776286800
3.0834,2.9366,3.1,2.8239,1776373200
3.0244,3.0081,3.064,2.989,1776632400
3.0091,3.123,3.1614,3.0062,1776718800
3.125,3.2427,3.2557,3.071,1776805200
3.2453,3.3539,3.3623,3.1982,1776891600
3.3412,3.3376,3.36,3.2599,1776978000
3.3666,3.3647,3.3941,3.3232,1777237200
3.3621,3.4317,3.4337,3.3569,1777323600
3.4229,3.6026,3.6183,3.3994,1777410000
3.5921,3.623,3.658,3.5033,1777496400
3.6268,3.5927,3.6691,3.5272,1777582800
3.5524,3.7135,3.7548,3.5361,1777842000
3.7119,3.6344,3.7197,3.5897,1777928400
