Formatted_Time,Open,High,Low,Close
2021/04/05,2.0052,2.0149,1.9297,1.9693
2021/04/06,1.9667,2.0171,1.9599,1.9599
2021/04/07,1.9624,1.9833,1.9169,1.9469
2021/04/08,1.9487,1.9655,1.9331,1.9609
2021/04/09,1.9598,1.9691,1.94,1.9636
2021/04/12,1.9646,1.9982,1.9435,1.9679
2021/04/13,1.9689,1.9874,1.9646,1.9719
2021/04/14,1.9755,2.0465,1.9702,2.0238
2021/04/15,2.0266,2.0535,2.0176,2.0504
2021/04/16,2.0518,2.0622,2.0364,2.0385
2021/04/19,2.0384,2.0547,2.0292,2.0465
2021/04/20,2.0475,2.0742,1.9934,2.0159
2021/04/21,2.0153,2.0217,1.973,1.9749
2021/04/22,1.9789,2.0029,1.9665,1.9882
2021/04/23,1.9885,2.0103,1.9769,2.0032
2021/04/26,2.0031,2.008,1.9537,1.9903
2021/04/27,1.992,2.0376,1.9888,2.0336
2021/04/28,2.0329,2.0774,2.0239,2.0691
2021/04/29,2.0693,2.1189,2.0674,2.0988
2021/04/30,2.1016,2.1046,2.0554,2.0716
2021/05/03,2.0763,2.1181,2.0541,2.1049
2021/05/04,2.1065,2.1725,2.1065,2.169
2021/05/05,2.1695,2.1824,2.1296,2.1366
2021/05/06,2.1351,2.1543,2.109,2.1159
2021/05/07,2.1142,2.14,2.0856,2.1317
2021/05/10,2.205,2.217,2.1128,2.1289
2021/05/11,2.1341,2.1452,2.0947,2.1349
2021/05/12,2.1339,2.1827,2.1223,2.1618
2021/05/13,2.157,2.1606,2.077,2.092
2021/05/14,2.0909,2.1299,2.0823,2.1299
2021/05/17,2.1271,2.1584,2.1104,2.1576
2021/05/18,2.1584,2.1753,2.1144,2.1498
2021/05/19,2.1525,2.1525,2.0633,2.0982
2021/05/20,2.096,2.1101,2.039,2.0407
2021/05/21,2.0452,2.0891,2.0322,2.0784
2021/05/24,2.0751,2.1258,2.0718,2.1223
2021/05/25,2.1201,2.1349,2.1055,2.1202
2021/05/26,2.1234,2.1545,2.1123,2.1529
2021/05/27,2.1529,2.1573,2.1252,2.157
2021/05/28,2.1585,2.1732,2.1313,2.1434
2021/05/31,2.1433,2.1635,2.1329,2.1426
2021/06/01,2.1465,2.2039,2.1446,2.1784
2021/06/02,2.1742,2.199,2.1692,2.1927
2021/06/03,2.194,2.2127,2.1789,2.2015
2021/06/04,2.2006,2.2241,2.1897,2.2028
2021/06/07,2.2055,2.2171,2.19,2.1959
2021/06/08,2.197,2.2265,2.1634,2.2181
2021/06/09,2.2186,2.2365,2.1878,2.1983
2021/06/10,2.1999,2.2264,2.1723,2.2067
2021/06/11,2.2094,2.2232,2.1558,2.1852
2021/06/14,2.1827,2.2163,2.1652,2.183
2021/06/15,2.1808,2.1911,2.1608,2.1748
2021/06/16,2.1772,2.1836,2.1389,2.1429
2021/06/17,2.1444,2.177,2.1044,2.1366
2021/06/18,2.1373,2.1763,2.1173,2.1617
2021/06/21,2.1686,2.2079,2.1461,2.2003
2021/06/22,2.1996,2.235,2.19,2.235
2021/06/23,2.2293,2.2869,2.226,2.2701
2021/06/24,2.2726,2.2849,2.2452,2.2761
2021/06/25,2.2765,2.2937,2.1928,2.26
2021/06/28,2.2619,2.265,2.2159,2.2204
2021/06/29,2.2204,2.2528,2.211,2.2406
2021/06/30,2.2446,2.2659,2.2191,2.2429
2021/07/01,2.2409,2.2984,2.2389,2.262
2021/07/02,2.2625,2.3073,2.257,2.3005
2021/07/05,2.304,2.3177,2.2907,2.3145
2021/07/06,2.3131,2.3302,2.2262,2.2416
2021/07/07,2.2416,2.2632,2.1674,2.2063
2021/07/08,2.2049,2.2634,2.1775,2.2631
2021/07/09,2.2625,2.3005,2.2521,2.2861
2021/07/12,2.2869,2.2971,2.2573,2.2833
2021/07/13,2.283,2.3206,2.2706,2.3174
2021/07/14,2.3183,2.3189,2.2546,2.291
2021/07/15,2.2926,2.2933,2.2393,2.2419
2021/07/16,2.2456,2.2519,2.202,2.2201
2021/07/19,2.2246,2.2265,2.0744,2.0918
2021/07/20,2.0952,2.1187,2.0571,2.0835
2021/07/21,2.091,2.1959,2.0851,2.1915
2021/07/22,2.1916,2.2529,2.1814,2.2391
2021/07/23,2.2426,2.2663,2.2295,2.2636
2021/07/26,2.2631,2.2867,2.2284,2.2844
2021/07/27,2.2866,2.3056,2.269,2.2939
2021/07/28,2.2915,2.3007,2.2711,2.2817
2021/07/29,2.2855,2.3301,2.278,2.3203
2021/07/30,2.3234,2.3448,2.3071,2.3275
2021/08/02,2.3303,2.3349,2.2535,2.2822
2021/08/03,2.2821,2.3033,2.2337,2.2691
2021/08/04,2.2745,2.2942,2.2344,2.244
2021/08/05,2.2465,2.3004,2.2357,2.2956
2021/08/06,2.2951,2.3175,2.2444,2.2462
2021/08/09,2.2473,2.249,2.173,2.245
2021/08/10,2.2443,2.2884,2.2384,2.2684
2021/08/11,2.267,2.3097,2.2179,2.3091
2021/08/12,2.309,2.31,2.2576,2.2718
2021/08/13,2.2723,2.2744,2.246,2.2528
2021/08/16,2.2465,2.259,2.1805,2.209
2021/08/17,2.2057,2.2216,2.1556,2.1583
2021/08/18,2.1625,2.1878,2.1255,2.1281
2021/08/19,2.1294,2.1382,1.9252,1.9522
2021/08/20,1.9517,1.9559,1.873,1.8733
2021/08/23,1.8772,1.9915,1.8726,1.9854
2021/08/24,1.9817,2.0625,1.979,2.058
2021/08/25,2.062,2.1465,2.0452,2.1369
2021/08/26,2.1408,2.1467,2.0864,2.0956
2021/08/27,2.0923,2.1318,2.0892,2.1275
2021/08/30,2.1661,2.2117,2.1203,2.1515
2021/08/31,2.1536,2.1572,2.1138,2.1314
2021/09/01,2.1351,2.1492,2.088,2.1089
2021/09/02,2.1174,2.173,2.0966,2.1566
2021/09/03,2.1577,2.1936,2.1355,2.1453
2021/09/06,2.155,2.1644,2.121,2.1485
2021/09/07,2.1496,2.1624,2.1119,2.1308
2021/09/08,2.1309,2.1679,2.121,2.1417
2021/09/09,2.1388,2.1516,2.079,2.1056
2021/09/10,2.1029,2.1592,2.0975,2.15
2021/09/13,2.157,2.1822,2.147,2.1651
2021/09/14,2.165,2.1885,2.1573,2.178
2021/09/15,2.1789,2.2358,2.174,2.2042
2021/09/16,2.2084,2.2179,2.1631,2.1813
2021/09/17,2.1786,2.1844,2.1475,2.1751
2021/09/20,2.1172,2.1216,2.0491,2.065
2021/09/21,2.0696,2.0897,2.0285,2.0709
2021/09/22,2.0725,2.0956,2.0442,2.077
2021/09/23,2.0765,2.1286,2.0538,2.1225
2021/09/24,2.1229,2.1438,2.101,2.1285
2021/09/27,2.1367,2.1749,2.1347,2.164
2021/09/28,2.1628,2.1937,2.1227,2.1245
2021/09/29,2.1263,2.1795,2.1062,2.178
2021/09/30,2.1778,2.2231,2.1318,2.1917
2021/10/01,2.1909,2.2554,2.1783,2.245
2021/10/04,2.245,2.3233,2.2281,2.3104
2021/10/05,2.3098,2.3715,2.3088,2.3466
2021/10/06,2.3471,2.3727,2.2863,2.3026
2021/10/07,2.3048,2.3483,2.252,2.3453
2021/10/08,2.3448,2.3797,2.3364,2.3685
2021/10/11,2.3745,2.4115,2.3662,2.3778
2021/10/12,2.3779,2.401,2.3569,2.3824
2021/10/13,2.3847,2.4186,2.3462,2.4165
2021/10/14,2.4162,2.4411,2.3888,2.4374
2021/10/15,2.4359,2.4888,2.432,2.4815
2021/10/18,2.4795,2.5135,2.4703,2.4785
2021/10/19,2.4738,2.484,2.3808,2.4256
2021/10/20,2.4235,2.4507,2.369,2.4483
2021/10/21,2.4483,2.4548,2.3921,2.4164
2021/10/22,2.4151,2.4467,2.3924,2.421
2021/10/25,2.4246,2.4684,2.4153,2.4461
2021/10/26,2.4461,2.4667,2.4347,2.4376
2021/10/27,2.4412,2.4412,2.364,2.3661
2021/10/28,2.3698,2.3776,2.3178,2.3661
2021/10/29,2.366,2.3891,2.3379,2.3589
2021/11/01,2.3653,2.4136,2.3441,2.41
2021/11/02,2.4144,2.4523,2.3858,2.4226
2021/11/03,2.4265,2.4302,2.3225,2.3338
2021/11/04,2.332,2.4147,2.2788,2.3067
2021/11/05,2.308,2.3457,2.2803,2.3049
2021/11/08,2.309,2.3515,2.3085,2.331
2021/11/09,2.3295,2.3895,2.3214,2.3895
2021/11/10,2.384,2.3977,2.2756,2.294
2021/11/11,2.2961,2.3375,2.2733,2.3105
2021/11/12,2.3124,2.3245,2.2595,2.3095
2021/11/15,2.311,2.3445,2.2671,2.3371
2021/11/16,2.3376,2.3674,2.3269,2.3499
2021/11/17,2.352,2.3545,2.2607,2.2866
2021/11/18,2.2895,2.2915,2.2077,2.2429
2021/11/19,2.2425,2.2733,2.1409,2.15
2021/11/22,2.1569,2.2124,2.1288,2.1945
2021/11/23,2.1944,2.287,2.1628,2.266
2021/11/24,2.2686,2.2859,2.2472,2.2626
2021/11/25,2.2627,2.27,2.2482,2.2556
2021/11/26,2.2585,2.2589,1.9743,1.9853
2021/11/29,2.006,2.116,2.002,2.0265
2021/11/30,2.025,2.0589,1.9045,1.9657
2021/12/01,1.9596,2.0369,1.9303,1.9569
2021/12/02,1.9525,2.005,1.8799,1.983
2021/12/03,1.9835,2.0235,1.9344,1.9584
2021/12/06,1.965,2.0646,1.965,2.0618
2021/12/07,2.0584,2.1234,2.0535,2.1089
2021/12/08,2.1145,2.1582,2.0946,2.1517
2021/12/09,2.1516,2.1665,2.1076,2.1116
2021/12/10,2.1163,2.1573,2.1062,2.1425
2021/12/13,2.1455,2.1752,2.1144,2.1196
2021/12/14,2.1226,2.1412,2.0731,2.1032
2021/12/15,2.1054,2.1468,2.0803,2.143
2021/12/16,2.1409,2.1867,2.1369,2.1663
2021/12/17,2.1688,2.1688,2.0999,2.1337
2021/12/20,2.1213,2.1213,2.0161,2.0941
2021/12/21,2.0934,2.1539,2.0721,2.1425
2021/12/22,2.144,2.1784,2.1256,2.1762
2021/12/23,2.1766,2.2145,2.1537,2.2077
2021/12/27,2.201,2.255,2.1756,2.2355
2021/12/28,2.2374,2.2654,2.2219,2.2489
2021/12/29,2.245,2.2864,2.2312,2.2669
2021/12/30,2.2679,2.2956,2.2484,2.2723
2021/12/31,2.2815,2.2936,2.2065,2.2175
2022/01/03,2.2206,2.2719,2.2104,2.2546
2022/01/04,2.256,2.2969,2.2495,2.2779
2022/01/05,2.28,2.3162,2.2611,2.2725
2022/01/06,2.2709,2.328,2.2564,2.3073
2022/01/07,2.3075,2.3338,2.2932,2.3043
2022/01/10,2.3039,2.318,2.2679,2.28
2022/01/11,2.2805,2.3629,2.2767,2.347
2022/01/12,2.3477,2.4013,2.343,2.392
2022/01/13,2.3898,2.4034,2.3667,2.3747
2022/01/14,2.3756,2.4296,2.3735,2.4239
2022/01/17,2.4247,2.4397,2.4121,2.4397
2022/01/18,2.4398,2.4726,2.4274,2.4669
2022/01/19,2.4667,2.4835,2.4379,2.4435
2022/01/20,2.4421,2.4897,2.4303,2.441
2022/01/21,2.4409,2.4627,2.3992,2.4423
2022/01/24,2.4477,2.47,2.3736,2.4257
2022/01/25,2.4275,2.4683,2.406,2.4555
2022/01/26,2.4577,2.5367,2.456,2.5205
2022/01/27,2.5225,2.5705,2.5086,2.5507
2022/01/28,2.5559,2.5786,2.5198,2.548
2022/01/31,2.5521,2.5841,2.5278,2.5588
2022/02/01,2.557,2.5882,2.5112,2.5756
2022/02/02,2.5746,2.6173,2.5646,2.607
2022/02/03,2.6036,2.6475,2.5731,2.6384
2022/02/04,2.638,2.7024,2.6362,2.6622
2022/02/07,2.675,2.72,2.6697,2.6915
2022/02/08,2.6917,2.6917,2.5957,2.6417
2022/02/09,2.6462,2.6726,2.6113,2.6566
2022/02/10,2.6554,2.7069,2.6422,2.6606
2022/02/11,2.6606,2.7638,2.6391,2.7411
2022/02/14,2.7434,2.787,2.7017,2.7619
2022/02/15,2.7675,2.7735,2.647,2.6762
2022/02/16,2.6762,2.7253,2.5895,2.6082
2022/02/17,2.6082,2.8197,2.6077,2.798
2022/02/18,2.7964,2.8279,2.7316,2.8216
2022/02/21,2.83,2.8858,2.7931,2.8828
2022/02/22,2.8886,2.9375,2.8358,2.8569
2022/02/23,2.858,2.9208,2.8374,2.8829
2022/02/24,2.884,3.0701,2.879,2.9162
2022/02/25,2.9159,2.9855,2.855,2.8839
2022/02/28,2.9108,3.026,2.9015,2.9428
2022/03/01,2.9455,3.161,2.9432,3.1469
2022/03/02,3.1469,3.3612,3.127,3.3537
2022/03/03,3.3536,3.5221,3.241,3.2857
2022/03/04,3.3039,3.5504,3.2511,3.515
2022/03/07,3.608,3.8904,3.5357,3.5891
2022/03/08,3.6124,3.8329,3.5248,3.7164
2022/03/09,3.732,3.76,3.1653,3.2991
2022/03/10,3.3218,3.4269,3.1341,3.1489
2022/03/11,3.1568,3.3186,3.0874,3.2979
2022/03/14,3.312,3.325,3.0971,3.1519
2022/03/15,3.1496,3.1614,2.8861,2.9523
2022/03/16,2.9439,3.064,2.9221,2.9449
2022/03/17,2.9566,3.1933,2.9347,3.1677
2022/03/18,3.1859,3.2377,3.1267,3.2086
2022/03/21,3.2164,3.3698,3.1905,3.3498
2022/03/22,3.3486,3.394,3.2719,3.2891
2022/03/23,3.3103,3.435,3.2722,3.4137
2022/03/24,3.3951,3.4727,3.3208,3.3445
2022/03/25,3.36,3.44,3.285,3.3916
2022/03/28,3.422,3.422,3.1157,3.1371
2022/03/29,3.1372,3.2746,3.0309,3.2086
2022/03/30,3.2069,3.3076,3.1796,3.2755
2022/03/31,3.2793,3.2793,3.1222,3.1599
2022/04/01,3.1595,3.192,3.0948,3.1527
2022/04/04,3.1499,3.2435,3.118,3.2083
2022/04/05,3.2174,3.2545,3.1092,3.1426
2022/04/06,3.1477,3.21,3.0338,3.071
2022/04/07,3.084,3.1385,2.9867,3.0531
2022/04/08,3.0422,3.1415,3.0166,3.1129
2022/04/11,3.125,3.1284,2.9931,3.0214
2022/04/12,3.0325,3.1757,3.0093,3.1754
2022/04/13,3.1763,3.3011,3.1388,3.2987
2022/04/14,3.2941,3.3775,3.214,3.353
2022/04/18,3.379,3.425,3.3135,3.3309
2022/04/19,3.347,3.3706,3.1934,3.2233
2022/04/20,3.2162,3.2835,3.1754,3.2724
2022/04/21,3.2943,3.328,3.2505,3.3084
2022/04/22,3.3024,3.3118,3.2333,3.2817
2022/04/25,3.2681,3.2701,3.1189,3.2218
2022/04/26,3.2225,3.35,3.1808,3.3305
2022/04/27,3.3438,3.4358,3.294,3.4187
2022/04/28,3.4,3.4903,3.3656,3.4521
2022/04/29,3.4415,3.5015,3.4245,3.43
2022/05/02,3.435,3.532,3.3466,3.4873
2022/05/03,3.4956,3.5445,3.4412,3.5364
2022/05/04,3.5444,3.6754,3.54,3.6499
2022/05/05,3.6624,3.7222,3.5938,3.6789
2022/05/06,3.67,3.822,3.6334,3.815
2022/05/09,3.8129,3.8312,3.6151,3.619
2022/05/10,3.6334,3.6636,3.5025,3.5135
2022/05/11,3.5172,3.7087,3.5057,3.6792
2022/05/12,3.668,3.8114,3.6161,3.7995
2022/05/13,3.8066,3.9733,3.797,3.949
2022/05/16,3.9575,4.064,3.9146,4.0116
2022/05/17,4.0186,4.0524,3.9048,3.9512
2022/05/18,3.9653,3.9826,3.679,3.715
2022/05/19,3.719,3.72,3.4236,3.666
2022/05/20,3.6598,3.7373,3.6399,3.6955
2022/05/23,3.6985,3.7252,3.5575,3.5953
2022/05/24,3.5867,3.6969,3.537,3.6873
2022/05/25,3.6927,3.7597,3.68,3.7303
2022/05/26,3.7249,3.832,3.7129,3.7961
2022/05/27,3.7989,3.9224,3.7628,3.9067
2022/05/30,3.9177,3.943,3.8909,3.9294
2022/05/31,3.934,4.0467,3.9098,3.941
2022/06/01,3.9598,4.1028,3.9373,4.0569
2022/06/02,4.0648,4.2391,3.99,4.2316
2022/06/03,4.2495,4.3096,4.155,4.3082
2022/06/06,4.2725,4.326,4.1845,4.2356
2022/06/07,4.2377,4.2412,4.0527,4.1552
2022/06/08,4.1642,4.253,4.0822,4.2157
2022/06/09,4.2238,4.3144,4.172,4.251
2022/06/10,4.244,4.3224,4.1259,4.1605
2022/06/13,4.1605,4.1699,3.9723,4.017
2022/06/14,4.01,4.1299,3.9433,3.9965
2022/06/15,3.9965,4.041,3.8616,3.8941
2022/06/16,3.8952,3.9666,3.8036,3.8847
2022/06/17,3.9127,3.918,3.5524,3.7207
2022/06/20,3.7593,3.7593,3.6077,3.7295
2022/06/21,3.7276,3.8324,3.68,3.7124
2022/06/22,3.7056,3.7416,3.5566,3.6596
2022/06/23,3.7108,3.7686,3.6129,3.6483
2022/06/24,3.639,3.7892,3.6252,3.7693
2022/06/27,3.7709,3.829,3.715,3.7537
2022/06/28,3.7671,3.85,3.6953,3.7781
2022/06/29,3.7927,3.8672,3.6548,3.6614
2022/06/30,3.6711,3.6736,3.4478,3.5683
2022/07/01,3.5571,3.733,3.5075,3.668
2022/07/04,3.6581,3.7528,3.6432,3.6629
2022/07/05,3.6584,3.7358,3.2726,3.3536
2022/07/06,3.3708,3.4015,3.188,3.2234
2022/07/07,3.225,3.4855,3.21,3.4037
2022/07/08,3.4126,3.4818,3.3481,3.4492
2022/07/11,3.4545,3.48,3.3648,3.4498
2022/07/12,3.4433,3.4586,3.2264,3.228
2022/07/13,3.2459,3.2839,3.1497,3.253
2022/07/14,3.2581,3.2594,2.9312,3.0217
2022/07/15,3.0276,3.1105,2.9694,3.0412
2022/07/18,3.0639,3.1839,3.0022,3.1148
2022/07/19,3.1051,3.1764,3.0616,3.1587
2022/07/20,3.1671,3.1787,3.1083,3.1171
2022/07/21,3.1303,3.1303,2.889,2.999
2022/07/22,2.9948,3.0681,2.9365,3.0268
2022/07/25,3.0263,3.1315,2.9773,3.1097
2022/07/26,3.1104,3.1972,3.0382,3.0985
2022/07/27,3.106,3.1824,3.0785,3.177
2022/07/28,3.1746,3.1907,3.0609,3.1268
2022/07/29,3.1318,3.2492,3.0877,3.0935
2022/08/01,3.107,3.1133,2.9101,3.0001
2022/08/02,2.9977,3.1115,2.9403,3.0334
2022/08/03,3.0366,3.1427,2.9001,2.922
2022/08/04,2.9319,2.937,2.7575,2.7657
2022/08/05,2.7636,2.8798,2.7586,2.8517
2022/08/08,2.8499,2.9054,2.8288,2.8959
2022/08/09,2.9013,2.9831,2.8562,2.968
2022/08/10,2.9785,3.0858,2.9214,3.0574
2022/08/11,3.0626,3.1199,3.0381,3.0542
2022/08/12,3.0638,3.0844,3.0044,3.0481
2022/08/15,3.0593,3.0631,2.8881,2.9255
2022/08/16,2.9312,2.9669,2.8797,2.9186
2022/08/17,2.9311,2.9532,2.8615,2.9247
2022/08/18,2.9314,2.9433,2.7,2.7979
2022/08/19,2.7915,2.8212,2.7346,2.771
2022/08/22,2.772,2.7983,2.6158,2.6771
2022/08/23,2.6794,2.7678,2.6545,2.7365
2022/08/24,2.7391,2.7672,2.5992,2.6658
2022/08/25,2.6654,2.701,2.6193,2.6498
2022/08/26,2.6592,2.6938,2.5637,2.6719
2022/08/29,2.671,2.7259,2.6269,2.7175
2022/08/30,2.7101,2.7312,2.513,2.551
2022/08/31,2.5586,2.5642,2.413,2.413
2022/09/01,2.4103,2.4323,2.3501,2.3835
2022/09/02,2.3853,2.4978,2.3807,2.4598
2022/09/05,2.4425,2.5299,2.4425,2.4602
2022/09/06,2.4679,2.5167,2.4083,2.4269
2022/09/07,2.4358,2.4672,2.3001,2.3119
2022/09/08,2.3055,2.3601,2.289,2.3242
2022/09/09,2.328,2.448,2.317,2.4203
2022/09/12,2.4223,2.4949,2.3951,2.4694
2022/09/13,2.4732,2.5091,2.4172,2.4953
2022/09/14,2.496,2.5645,2.4357,2.5321
2022/09/15,2.5343,2.5343,2.3448,2.385
2022/09/16,2.3904,2.405,2.3379,2.3759
2022/09/19,2.3758,2.4216,2.3,2.414
2022/09/20,2.414,2.4587,2.37,2.3851
2022/09/21,2.3851,2.4661,2.3774,2.398
2022/09/22,2.4074,2.5072,2.3863,2.433
2022/09/23,2.4341,2.4459,2.269,2.33
2022/09/26,2.3297,2.3706,2.26,2.2881
2022/09/27,2.2933,2.3933,2.2892,2.364
2022/09/28,2.37,2.4666,2.3337,2.4558
2022/09/29,2.4577,2.4722,2.395,2.4089
2022/09/30,2.4174,2.4267,2.3244,2.3714
2022/10/03,2.3887,2.5255,2.3887,2.5172
2022/10/04,2.5204,2.6888,2.5157,2.6689
2022/10/05,2.6712,2.7,2.5932,2.6647
2022/10/06,2.66,2.7119,2.6267,2.6951
2022/10/07,2.7001,2.7675,2.6645,2.7609
2022/10/10,2.7532,2.7685,2.602,2.6071
2022/10/11,2.6177,2.6369,2.5792,2.5894
2022/10/12,2.5937,2.6687,2.5735,2.6164
2022/10/13,2.6232,2.7168,2.57,2.6931
2022/10/14,2.6994,2.7005,2.5935,2.6315
2022/10/17,2.6361,2.669,2.5762,2.6019
2022/10/18,2.6239,2.6239,2.4905,2.5745
2022/10/19,2.5786,2.5819,2.395,2.47
2022/10/20,2.466,2.5369,2.4603,2.4714
2022/10/21,2.4734,2.501,2.4379,2.4599
2022/10/24,2.4588,2.5221,2.3964,2.505
2022/10/25,2.5042,2.5595,2.4509,2.541
2022/10/26,2.5514,2.6055,2.525,2.6048
2022/10/27,2.6025,2.66,2.5627,2.6238
2022/10/28,2.626,2.6368,2.5286,2.5481
2022/10/31,2.5582,2.5794,2.4822,2.5136
2022/11/01,2.5159,2.6165,2.5093,2.5967
2022/11/02,2.5997,2.7065,2.5813,2.688
2022/11/03,2.6894,2.7053,2.6328,2.6934
2022/11/04,2.6955,2.8172,2.6842,2.7408
2022/11/07,2.7356,2.7401,2.6472,2.6691
2022/11/08,2.6795,2.6991,2.6101,2.623
2022/11/09,2.625,2.6421,2.5402,2.5474
2022/11/10,2.5446,2.6105,2.5284,2.5587
2022/11/11,2.5638,2.648,2.5548,2.6291
2022/11/14,2.6193,2.6586,2.52,2.525
2022/11/15,2.5403,2.575,2.488,2.5184
2022/11/16,2.5184,2.5437,2.4486,2.5037
2022/11/17,2.5074,2.5145,2.3864,2.4038
2022/11/18,2.4051,2.4153,2.2965,2.353
2022/11/21,2.353,2.3918,2.2538,2.3728
2022/11/22,2.3832,2.4727,2.3702,2.4388
2022/11/23,2.4418,2.4543,2.3241,2.3838
2022/11/24,2.3894,2.3927,2.35,2.3604
2022/11/25,2.3656,2.4086,2.2628,2.3061
2022/11/28,2.2695,2.3098,2.2196,2.2383
2022/11/29,2.2341,2.3372,2.2229,2.2952
2022/11/30,2.2898,2.3915,2.2874,2.3788
2022/12/01,2.3737,2.4204,2.3358,2.3464
2022/12/02,2.3494,2.3614,2.2701,2.2977
2022/12/05,2.2985,2.348,2.1962,2.218
2022/12/06,2.2223,2.2332,2.1288,2.1561
2022/12/07,2.1546,2.169,2.0698,2.0895
2022/12/08,2.0796,2.1312,2.0413,2.0526
2022/12/09,2.0552,2.0801,2.0337,2.0599
2022/12/12,2.0582,2.0966,2.0204,2.0853
2022/12/13,2.0903,2.1757,2.0815,2.1578
2022/12/14,2.1576,2.2524,2.1477,2.2425
2022/12/15,2.2482,2.2496,2.1642,2.1798
2022/12/16,2.1793,2.19,2.1013,2.1405
2022/12/19,2.1442,2.1952,2.1312,2.1825
2022/12/20,2.1873,2.2426,2.1709,2.2255
2022/12/21,2.2264,2.283,2.2201,2.2721
2022/12/22,2.2756,2.2968,2.2333,2.2767
2022/12/23,2.277,2.3959,2.2614,2.376
2022/12/27,2.3899,2.4241,2.3588,2.3757
2022/12/28,2.3721,2.3833,2.303,2.3618
2022/12/29,2.3679,2.3905,2.3045,2.383
2022/12/30,2.3867,2.5233,2.3638,2.5025
2023/01/03,2.4909,2.5057,2.3484,2.361
2023/01/04,2.3501,2.3754,2.2433,2.2703
2023/01/05,2.2682,2.3131,2.2554,2.2735
2023/01/06,2.27,2.3187,2.2356,2.254
2023/01/09,2.251,2.3356,2.251,2.2995
2023/01/10,2.3005,2.3485,2.2797,2.3156
2023/01/11,2.3174,2.4408,2.3005,2.4371
2023/01/12,2.4424,2.4944,2.4216,2.4585
2023/01/13,2.4569,2.5408,2.4472,2.5375
2023/01/16,2.5375,2.5446,2.4919,2.5069
2023/01/17,2.5072,2.5792,2.4957,2.5677
2023/01/18,2.571,2.6059,2.5178,2.524
2023/01/19,2.5161,2.6286,2.4961,2.6164
2023/01/20,2.6265,2.6734,2.6046,2.6442
2023/01/23,2.6574,2.7135,2.6324,2.6931
2023/01/24,2.6958,2.7038,2.6351,2.6693
2023/01/25,2.6776,2.7186,2.5835,2.594
2023/01/26,2.5925,2.6641,2.5665,2.6201
2023/01/27,2.6189,2.6512,2.5681,2.5825
2023/01/30,2.5866,2.6087,2.499,2.5068
2023/01/31,2.5022,2.5734,2.466,2.5658
2023/02/01,2.5626,2.5941,2.4311,2.4569
2023/02/02,2.4567,2.493,2.4402,2.4531
2023/02/03,2.4529,2.4719,2.3137,2.3227
2023/02/06,2.3116,2.3842,2.272,2.3798
2023/02/07,2.3963,2.467,2.3739,2.4538
2023/02/08,2.4514,2.485,2.4064,2.466
2023/02/09,2.4691,2.484,2.4045,2.4402
2023/02/10,2.4356,2.5138,2.4263,2.4985
2023/02/13,2.5065,2.5337,2.4654,2.5136
2023/02/14,2.5141,2.5261,2.4399,2.4845
2023/02/15,2.4777,2.7065,2.4777,2.6838
2023/02/16,2.6874,2.7089,2.6253,2.6289
2023/02/17,2.6321,2.6355,2.557,2.6184
2023/02/20,2.6174,2.6643,2.6141,2.6577
2023/02/21,2.6559,2.6616,2.6081,2.6279
2023/02/22,2.6286,2.64,2.5352,2.5398
2023/02/23,2.5474,2.6087,2.5219,2.5944
2023/02/24,2.5934,2.6186,2.5195,2.5825
2023/02/27,2.5913,2.6036,2.5575,2.5828
2023/02/28,2.5822,2.6562,2.576,2.6397
2023/03/01,2.642,2.6771,2.6256,2.6756
2023/03/02,2.6786,2.7073,2.6583,2.6913
2023/03/03,2.6926,2.7569,2.6235,2.756
2023/03/06,2.755,2.7992,2.7087,2.7948
2023/03/07,2.7962,2.8122,2.678,2.68
2023/03/08,2.6852,2.7001,2.6542,2.6847
2023/03/09,2.684,2.7069,2.5996,2.6
2023/03/10,2.6011,2.6582,2.5677,2.642
2023/03/13,2.6459,2.671,2.5236,2.6068
2023/03/14,2.6078,2.6127,2.5369,2.558
2023/03/15,2.5604,2.5965,2.3862,2.4645
2023/03/16,2.4628,2.4828,2.3626,2.4705
2023/03/17,2.4684,2.5265,2.4177,2.4539
2023/03/20,2.4623,2.4986,2.3792,2.4935
2023/03/21,2.4968,2.5321,2.4721,2.496
2023/03/22,2.4942,2.5685,2.4822,2.5355
2023/03/23,2.5331,2.613,2.533,2.5548
2023/03/24,2.555,2.5821,2.4931,2.5462
2023/03/27,2.5579,2.6632,2.5347,2.6541
2023/03/28,2.6541,2.6904,2.6268,2.6804
2023/03/29,2.6858,2.6994,2.6207,2.6303
2023/03/30,2.6277,2.66,2.5991,2.6248
2023/03/31,2.6258,2.6931,2.6036,2.6777
2023/04/03,2.792,2.8232,2.7432,2.7631
2023/04/04,2.7606,2.7898,2.7016,2.7588
2023/04/05,2.7586,2.8246,2.7395,2.8194
2023/04/06,2.8211,2.8428,2.7888,2.803
2023/04/10,2.812,2.8262,2.7656,2.8172
2023/04/11,2.8125,2.8682,2.784,2.855
2023/04/12,2.8525,2.8943,2.8152,2.8629
2023/04/13,2.8616,2.8616,2.8236,2.8377
2023/04/14,2.8377,2.8401,2.7537,2.7854
2023/04/17,2.7865,2.7865,2.7152,2.7342
2023/04/18,2.7342,2.7442,2.6836,2.7019
2023/04/19,2.7006,2.7121,2.6044,2.606
2023/04/20,2.6121,2.6121,2.531,2.5599
2023/04/21,2.5591,2.6104,2.5531,2.5736
2023/04/24,2.5839,2.6215,2.5268,2.6093
2023/04/25,2.6072,2.6295,2.5337,2.5636
2023/04/26,2.5662,2.588,2.5034,2.5134
2023/04/27,2.5092,2.526,2.4786,2.5023
2023/04/28,2.5058,2.5555,2.4732,2.5248
2023/05/01,2.5325,2.558,2.4744,2.5553
2023/05/02,2.5526,2.56,2.424,2.4328
2023/05/03,2.434,2.4371,2.3041,2.312
2023/05/04,2.303,2.3591,2.25,2.3249
2023/05/05,2.3255,2.4,2.3208,2.3819
2023/05/08,2.3821,2.4698,2.377,2.4453
2023/05/09,2.4451,2.484,2.4121,2.4825
2023/05/10,2.4785,2.5123,2.4576,2.4961
2023/05/11,2.4935,2.5155,2.4432,2.4669
2023/05/12,2.4678,2.4783,2.4156,2.4299
2023/05/15,2.4252,2.4865,2.4017,2.473
2023/05/16,2.4717,2.4887,2.4457,2.478
2023/05/17,2.4849,2.5208,2.4141,2.5136
2023/05/18,2.5162,2.5191,2.4846,2.514
2023/05/19,2.5116,2.5525,2.486,2.5002
2023/05/22,2.5012,2.564,2.47,2.5584
2023/05/23,2.5579,2.6017,2.5318,2.5985
2023/05/24,2.5994,2.6239,2.5669,2.6091
2023/05/25,2.6107,2.62,2.5153,2.5497
2023/05/26,2.5514,2.6089,2.5397,2.5959
2023/05/29,2.5971,2.6135,2.5439,2.5903
2023/05/30,2.5886,2.5971,2.4638,2.484
2023/05/31,2.4855,2.5353,2.4168,2.4317
2023/06/01,2.4273,2.4853,2.4016,2.4436
2023/06/02,2.4485,2.5149,2.4323,2.505
2023/06/05,2.5435,2.5748,2.5134,2.5281
2023/06/06,2.528,2.5771,2.4941,2.5412
2023/06/07,2.544,2.6527,2.5306,2.6433
2023/06/08,2.6421,2.6822,2.5362,2.6003
2023/06/09,2.6031,2.6348,2.586,2.5972
2023/06/12,2.6014,2.6014,2.4756,2.4979
2023/06/13,2.4938,2.5779,2.4905,2.538
2023/06/14,2.5385,2.5873,2.5343,2.568
2023/06/15,2.5652,2.5683,2.4415,2.5453
2023/06/16,2.5467,2.5905,2.5308,2.5806
2023/06/19,2.5788,2.5845,2.55,2.563
2023/06/20,2.5652,2.5719,2.4855,2.5055
2023/06/21,2.5054,2.5492,2.4753,2.5264
2023/06/22,2.5274,2.5295,2.4432,2.4729
2023/06/23,2.4744,2.4762,2.3986,2.4514
2023/06/26,2.4581,2.4699,2.4196,2.462
2023/06/27,2.4672,2.4834,2.4136,2.4486
2023/06/28,2.4432,2.5051,2.421,2.4805
2023/06/29,2.4816,2.5175,2.4734,2.4934
2023/06/30,2.4953,2.5481,2.4834,2.5385
2023/07/03,2.5364,2.5639,2.4605,2.4782
2023/07/04,2.4817,2.5239,2.4736,2.5111
2023/07/05,2.5077,2.5574,2.5,2.5193
2023/07/06,2.5255,2.554,2.4638,2.5513
2023/07/07,2.5534,2.5991,2.5387,2.5885
2023/07/10,2.59,2.6054,2.5523,2.576
2023/07/11,2.5778,2.6279,2.5726,2.6186
2023/07/12,2.6189,2.6788,2.6173,2.6741
2023/07/13,2.6716,2.6888,2.6422,2.681
2023/07/14,2.6789,2.6822,2.5701,2.5772
2023/07/17,2.5683,2.6025,2.5464,2.5754
2023/07/18,2.5769,2.6419,2.5683,2.6416
2023/07/19,2.6326,2.6898,2.62,2.6754
2023/07/20,2.6802,2.7087,2.6539,2.706
2023/07/21,2.709,2.7609,2.6986,2.75
2023/07/24,2.757,2.8867,2.7392,2.8494
2023/07/25,2.849,2.854,2.7768,2.796
2023/07/26,2.7939,2.8565,2.767,2.8446
2023/07/27,2.844,2.8955,2.8232,2.8746
2023/07/28,2.8734,2.9257,2.8536,2.8828
2023/07/31,2.8815,2.9088,2.8494,2.9026
2023/08/01,2.9036,2.9196,2.8605,2.9095
2023/08/02,2.9009,2.913,2.7664,2.7796
2023/08/03,2.787,2.787,2.7131,2.7816
2023/08/04,2.778,2.8199,2.7608,2.7812
2023/08/07,2.7887,2.8302,2.7712,2.8278
2023/08/08,2.8325,2.8514,2.7359,2.8382
2023/08/09,2.833,2.9399,2.8292,2.9349
2023/08/10,2.9316,2.9443,2.867,2.9061
2023/08/11,2.9037,2.9859,2.8993,2.9459
2023/08/14,2.949,2.949,2.6396,2.6549
2023/08/15,2.6531,2.6789,2.6039,2.6113
2023/08/16,2.6155,2.6456,2.5841,2.6113
2023/08/17,2.6105,2.6561,2.5862,2.588
2023/08/18,2.5859,2.6323,2.5687,2.5909
2023/08/21,2.5903,2.6403,2.5364,2.5626
2023/08/22,2.5659,2.5766,2.5438,2.5585
2023/08/23,2.5591,2.5677,2.5051,2.5617
2023/08/24,2.5565,2.5911,2.5272,2.5671
2023/08/25,2.5674,2.6575,2.5631,2.6327
2023/08/28,2.6425,2.6501,2.5488,2.5596
2023/08/29,2.5581,2.587,2.5152,2.5489
2023/08/30,2.5471,2.5868,2.539,2.5692
2023/08/31,2.5703,2.603,2.5342,2.5624
2023/09/01,2.5598,2.6094,2.5582,2.6022
2023/09/04,2.5974,2.6191,2.582,2.6003
2023/09/05,2.5981,2.6548,2.5721,2.587
2023/09/06,2.5864,2.6381,2.557,2.6277
2023/09/07,2.6297,2.657,2.593,2.6251
2023/09/08,2.6251,2.7049,2.6122,2.6516
2023/09/11,2.6545,2.7291,2.6378,2.7258
2023/09/12,2.7275,2.7436,2.7041,2.7135
2023/09/13,2.715,2.7443,2.6959,2.74
2023/09/14,2.7442,2.7703,2.7337,2.7487
2023/09/15,2.751,2.7528,2.6282,2.6576
2023/09/18,2.6522,2.6736,2.6258,2.6417
2023/09/19,2.6326,2.6679,2.601,2.6075
2023/09/20,2.6062,2.626,2.56,2.5636
2023/09/21,2.5591,2.5975,2.5338,2.5611
2023/09/22,2.5688,2.595,2.5104,2.5224
2023/09/25,2.5224,2.5386,2.4814,2.4967
2023/09/26,2.497,2.53,2.4612,2.5266
2023/09/27,2.5271,2.5791,2.5215,2.5499
2023/09/28,2.5493,2.5743,2.4647,2.4744
2023/09/29,2.4745,2.4858,2.3925,2.3933
2023/10/02,2.3946,2.437,2.3913,2.4117
2023/10/03,2.4115,2.4145,2.3382,2.3399
2023/10/04,2.3301,2.3457,2.194,2.2005
2023/10/05,2.2065,2.2222,2.1709,2.1978
2023/10/06,2.1924,2.2227,2.1792,2.1897
2023/10/09,2.24,2.2788,2.22,2.2393
2023/10/10,2.239,2.2647,2.2223,2.2615
2023/10/11,2.2585,2.282,2.192,2.1978
2023/10/12,2.1961,2.2281,2.1527,2.1815
2023/10/13,2.1809,2.2566,2.1661,2.2505
2023/10/16,2.253,2.2768,2.238,2.2701
2023/10/17,2.2701,2.2891,2.2466,2.2886
2023/10/18,2.2912,2.341,2.284,2.3357
2023/10/19,2.3364,2.3612,2.296,2.3564
2023/10/20,2.3534,2.3796,2.3436,2.3555
2023/10/23,2.3534,2.3546,2.3016,2.3118
2023/10/24,2.3139,2.3222,2.2307,2.2592
2023/10/25,2.2581,2.2813,2.2119,2.264
2023/10/26,2.2646,2.2707,2.2224,2.2465
2023/10/27,2.2477,2.3003,2.2393,2.2969
2023/10/30,2.2925,2.298,2.2127,2.2224
2023/10/31,2.2233,2.2528,2.2073,2.2266
2023/11/01,2.2275,2.285,2.1822,2.1918
2023/11/02,2.1943,2.2504,2.1836,2.2427
2023/11/03,2.2446,2.2586,2.1833,2.2024
2023/11/06,2.2036,2.261,2.1975,2.2391
2023/11/07,2.2395,2.2505,2.157,2.1661
2023/11/08,2.1677,2.1775,2.122,2.1386
2023/11/09,2.1402,2.195,2.1224,2.1632
2023/11/10,2.1642,2.2046,2.1537,2.1882
2023/11/13,2.1852,2.2436,2.155,2.2412
2023/11/14,2.2464,2.2467,2.189,2.1985
2023/11/15,2.1967,2.2092,2.1494,2.1773
2023/11/16,2.1796,2.1798,2.0697,2.0777
2023/11/17,2.075,2.1621,2.0704,2.1511
2023/11/20,2.1487,2.2264,2.1344,2.1929
2023/11/21,2.1944,2.2112,2.1689,2.2094
2023/11/22,2.2101,2.2152,2.1059,2.1914
2023/11/23,2.1899,2.1917,2.1606,2.1798
2023/11/24,2.1856,2.2143,2.1276,2.1345
2023/11/27,2.1344,2.1774,2.1132,2.1584
2023/11/28,2.159,2.2081,2.1448,2.202
2023/11/29,2.202,2.2505,2.1607,2.2417
2023/11/30,2.2416,2.2779,2.1507,2.1617
2023/12/01,2.1615,2.1988,2.1162,2.126
2023/12/04,2.1256,2.1596,2.0923,2.1458
2023/12/05,2.1468,2.1662,2.1074,2.1098
2023/12/06,2.1073,2.1193,2.0184,2.0343
2023/12/07,2.0323,2.0519,1.998,2.0085
2023/12/08,2.0101,2.0658,2.0058,2.0591
2023/12/11,2.0455,2.0734,2.0333,2.0494
2023/12/12,2.0545,2.0612,1.9702,1.9912
2023/12/13,1.9871,2.041,1.9672,2.0394
2023/12/14,2.0411,2.1295,2.0323,2.1219
2023/12/15,2.1247,2.1669,2.111,2.1453
2023/12/18,2.1458,2.2252,2.1139,2.1785
2023/12/19,2.1819,2.2144,2.148,2.2054
2023/12/20,2.2021,2.2233,2.1842,2.1919
2023/12/21,2.19,2.2028,2.1406,2.1756
2023/12/22,2.1749,2.2114,2.1182,2.13
2023/12/26,2.1285,2.1974,2.1268,2.1695
2023/12/27,2.167,2.2021,2.1526,2.1542
2023/12/28,2.1555,2.1705,2.0974,2.108
2023/12/29,2.112,2.1453,2.095,2.1133
2024/01/02,2.109,2.1717,2.0796,2.096
2024/01/03,2.0978,2.168,2.067,2.1529
2024/01/04,2.1559,2.1734,2.0857,2.1141
2024/01/05,2.1114,2.142,2.1007,2.1061
2024/01/08,2.1127,2.1157,2.0072,2.0394
2024/01/09,2.0361,2.095,2.026,2.0805
2024/01/10,2.0828,2.1362,2.0557,2.0709
2024/01/11,2.0701,2.1393,2.0641,2.1379
2024/01/12,2.139,2.1977,2.1155,2.1215
2024/01/15,2.118,2.1358,2.0911,2.1207
2024/01/16,2.126,2.1931,2.1044,2.1162
2024/01/17,2.126,2.1645,2.103,2.161
2024/01/18,2.1621,2.2078,2.1364,2.2
2024/01/19,2.2043,2.2188,2.177,2.1942
2024/01/22,2.1994,2.2652,2.1733,2.2601
2024/01/23,2.2608,2.2715,2.2049,2.2259
2024/01/24,2.2254,2.2715,2.2143,2.2471
2024/01/25,2.2463,2.2933,2.2396,2.286
2024/01/26,2.2921,2.334,2.2555,2.3308
2024/01/29,2.3401,2.3514,2.2511,2.2699
2024/01/30,2.2727,2.3012,2.2069,2.294
2024/01/31,2.294,2.3017,2.2178,2.2273
2024/02/01,2.2273,2.2607,2.156,2.1924
2024/02/02,2.1949,2.214,2.1212,2.1444
2024/02/05,2.1506,2.2116,2.1365,2.2094
2024/02/06,2.2061,2.2283,2.198,2.2178
2024/02/07,2.216,2.2729,2.2106,2.2685
2024/02/08,2.2742,2.345,2.2627,2.338
2024/02/09,2.3397,2.3615,2.3245,2.3349
2024/02/12,2.332,2.3738,2.3164,2.3666
2024/02/13,2.3672,2.4134,2.3581,2.3989
2024/02/14,2.4014,2.6338,2.3964,2.5454
2024/02/15,2.5502,2.5868,2.5069,2.5597
2024/02/16,2.5564,2.5794,2.5234,2.5661
2024/02/19,2.5687,2.5696,2.545,2.5607
2024/02/20,2.5604,2.5655,2.5051,2.522
2024/02/21,2.5285,2.5412,2.5013,2.532
2024/02/22,2.5367,2.5683,2.493,2.5555
2024/02/23,2.5542,2.5575,2.5011,2.5074
2024/02/26,2.507,2.5808,2.4904,2.5636
2024/02/27,2.5634,2.5983,2.5595,2.5874
2024/02/28,2.5905,2.6029,2.5337,2.5394
2024/02/29,2.5352,2.595,2.5305,2.5795
2024/03/01,2.5802,2.638,2.5737,2.6109
2024/03/04,2.6145,2.6244,2.5744,2.5874
2024/03/05,2.5865,2.5925,2.5192,2.5343
2024/03/06,2.5359,2.5891,2.5303,2.547
2024/03/07,2.5483,2.5834,2.5247,2.5601
2024/03/08,2.5638,2.5767,2.5152,2.5231
2024/03/11,2.5247,2.5899,2.5105,2.5811
2024/03/12,2.5817,2.6028,2.5495,2.6005
2024/03/13,2.6001,2.6671,2.5916,2.6545
2024/03/14,2.6601,2.7055,2.6548,2.6965
2024/03/15,2.6969,2.7095,2.669,2.6943
2024/03/18,2.697,2.754,2.6948,2.7302
2024/03/19,2.7301,2.7549,2.7225,2.7343
2024/03/20,2.7343,2.738,2.6961,2.7206
2024/03/21,2.7204,2.733,2.6854,2.7059
2024/03/22,2.7047,2.7317,2.6896,2.7149
2024/03/25,2.7166,2.7467,2.7033,2.7267
2024/03/26,2.7267,2.7356,2.6756,2.6794
2024/03/27,2.6804,2.6943,2.6576,2.6796
2024/03/28,2.6789,2.7263,2.6678,2.7207
2024/04/01,2.7208,2.7285,2.682,2.7186
2024/04/02,2.7211,2.7743,2.7083,2.7711
2024/04/03,2.773,2.791,2.7581,2.7634
2024/04/04,2.7634,2.8062,2.7393,2.801
2024/04/05,2.8021,2.8172,2.7716,2.772
2024/04/08,2.7645,2.7845,2.724,2.752
2024/04/09,2.7505,2.7766,2.7392,2.7505
2024/04/10,2.7538,2.7902,2.7276,2.7832
2024/04/11,2.7855,2.8067,2.7503,2.7867
2024/04/12,2.7873,2.8516,2.7837,2.7963
2024/04/15,2.81,2.8223,2.7419,2.7903
2024/04/16,2.7948,2.7987,2.7533,2.7861
2024/04/17,2.7888,2.7918,2.6938,2.7035
2024/04/18,2.7031,2.7136,2.6635,2.6757
2024/04/19,2.6795,2.7566,2.653,2.683
2024/04/22,2.6828,2.6877,2.6407,2.6673
2024/04/23,2.6667,2.7052,2.6243,2.7024
2024/04/24,2.7048,2.7164,2.6873,2.7084
2024/04/25,2.7095,2.744,2.6861,2.7426
2024/04/26,2.7449,2.7562,2.7257,2.7415
2024/04/29,2.7419,2.7608,2.722,2.7375
2024/04/30,2.7368,2.7411,2.6629,2.6822
2024/05/01,2.6803,2.6834,2.5739,2.5753
2024/05/02,2.5754,2.607,2.5677,2.5967
2024/05/03,2.5989,2.6234,2.5481,2.55
2024/05/06,2.5513,2.5929,2.5435,2.5858
2024/05/07,2.5867,2.595,2.5283,2.5385
2024/05/08,2.5387,2.5419,2.4826,2.5391
2024/05/09,2.5426,2.5655,2.53,2.5479
2024/05/10,2.5493,2.568,2.4961,2.501
2024/05/13,2.51,2.5313,2.4913,2.5144
2024/05/14,2.5162,2.5191,2.4517,2.4713
2024/05/15,2.4728,2.505,2.4427,2.5027
2024/05/16,2.5009,2.544,2.5009,2.5417
2024/05/17,2.5428,2.5636,2.5276,2.562
2024/05/20,2.5587,2.5675,2.5131,2.5298
2024/05/21,2.5291,2.5339,2.478,2.4916
2024/05/22,2.4914,2.4971,2.4521,2.4592
2024/05/23,2.4584,2.5034,2.444,2.4621
2024/05/24,2.4627,2.4864,2.4371,2.4786
2024/05/27,2.4776,2.5056,2.4715,2.4974
2024/05/28,2.4982,2.516,2.4869,2.5141
2024/05/29,2.5141,2.5251,2.4525,2.4581
2024/05/30,2.4587,2.4604,2.3968,2.3981
2024/05/31,2.397,2.4343,2.3878,2.4213
2024/06/03,2.4201,2.44,2.33,2.3304
2024/06/04,2.3318,2.357,2.2985,2.3303
2024/06/05,2.3291,2.3646,2.3262,2.3629
2024/06/06,2.3649,2.4032,2.3553,2.4031
2024/06/07,2.4032,2.415,2.3741,2.3803
2024/06/10,2.3767,2.4275,2.3722,2.4259
2024/06/11,2.4265,2.4296,2.3869,2.4269
2024/06/12,2.4272,2.4517,2.3883,2.3927
2024/06/13,2.3943,2.4091,2.3558,2.3943
2024/06/14,2.3941,2.4319,2.3868,2.392
2024/06/17,2.3939,2.4354,2.3707,2.4331
2024/06/18,2.4354,2.4758,2.4158,2.474
2024/06/19,2.4751,2.4981,2.4674,2.4838
2024/06/20,2.4852,2.5,2.4714,2.4827
2024/06/21,2.4848,2.5218,2.476,2.4927
2024/06/24,2.4884,2.5058,2.47,2.4969
2024/06/25,2.5011,2.5185,2.4803,2.4838
2024/06/26,2.4859,2.5371,2.4812,2.5208
2024/06/27,2.5209,2.5624,2.5139,2.5295
2024/06/28,2.5296,2.5532,2.4966,2.5099
2024/07/01,2.5099,2.5801,2.509,2.5731
2024/07/02,2.5731,2.615,2.5682,2.5759
2024/07/03,2.5755,2.6029,2.5398,2.5843
2024/07/04,2.5846,2.5906,2.5611,2.5824
2024/07/05,2.583,2.6217,2.5566,2.5755
2024/07/08,2.564,2.574,2.5255,2.5345
2024/07/09,2.5342,2.5604,2.5188,2.5342
2024/07/10,2.533,2.5334,2.4921,2.51
2024/07/11,2.51,2.5286,2.4914,2.524
2024/07/12,2.5248,2.5396,2.509,2.511
2024/07/15,2.5127,2.5209,2.4807,2.4944
2024/07/16,2.4939,2.4957,2.444,2.4687
2024/07/17,2.467,2.4736,2.4279,2.4736
2024/07/18,2.4739,2.4868,2.447,2.4711
2024/07/19,2.4725,2.4865,2.412,2.4147
2024/07/22,2.4184,2.4313,2.3822,2.4217
2024/07/23,2.4244,2.4312,2.3745,2.3976
2024/07/24,2.3971,2.4279,2.3851,2.4063
2024/07/25,2.4065,2.4349,2.3685,2.4341
2024/07/26,2.4333,2.4427,2.3907,2.4046
2024/07/29,2.4193,2.4289,2.3688,2.3724
2024/07/30,2.3737,2.378,2.3316,2.3566
2024/07/31,2.3567,2.4626,2.3529,2.4617
2024/08/01,2.462,2.4691,2.3941,2.4125
2024/08/02,2.4102,2.4231,2.3045,2.3307
2024/08/05,2.3297,2.3598,2.2581,2.3553
2024/08/06,2.3552,2.3733,2.3073,2.3105
2024/08/07,2.3078,2.3784,2.2962,2.3667
2024/08/08,2.365,2.4103,2.3458,2.3946
2024/08/09,2.3939,2.4085,2.3693,2.397
2024/08/12,2.3972,2.4442,2.3878,2.4383
2024/08/13,2.4363,2.441,2.3675,2.3846
2024/08/14,2.3824,2.3945,2.3158,2.3266
2024/08/15,2.335,2.3445,2.1485,2.1854
2024/08/16,2.181,2.1895,2.1329,2.1424
2024/08/19,2.1397,2.1461,2.0877,2.0977
2024/08/20,2.1044,2.1109,2.0645,2.0781
2024/08/21,2.0781,2.0913,2.0298,2.0524
2024/08/22,2.0524,2.0909,2.0393,2.0786
2024/08/23,2.0783,2.125,2.0758,2.1233
2024/08/26,2.1274,2.1714,2.1231,2.1372
2024/08/27,2.1375,2.1477,2.0901,2.1002
2024/08/28,2.1,2.1023,2.0526,2.0626
2024/08/29,2.0611,2.116,2.0494,2.1103
2024/08/30,2.1082,2.1333,2.0781,2.0968
2024/09/02,2.0936,2.0936,2.0547,2.0676
2024/09/03,2.0683,2.0808,1.9648,1.978
2024/09/04,1.9782,2.0013,1.9461,1.955
2024/09/05,1.9489,1.9734,1.9141,1.9349
2024/09/06,1.9362,1.9593,1.8757,1.9002
2024/09/09,1.9034,1.9504,1.8964,1.933
2024/09/10,1.9327,1.9466,1.8584,1.8859
2024/09/11,1.8845,1.92,1.8545,1.9001
2024/09/12,1.8922,1.9487,1.8914,1.9368
2024/09/13,1.9368,1.9717,1.9279,1.9386
2024/09/16,1.9396,1.9559,1.8975,1.9477
2024/09/17,1.948,1.9798,1.9333,1.967
2024/09/18,1.9645,1.9945,1.9381,1.9656
2024/09/19,1.9656,2.0367,1.9656,2.0281
2024/09/20,2.0246,2.0314,2.0033,2.0174
2024/09/23,2.0211,2.0254,1.9481,1.9795
2024/09/24,1.9799,2.0244,1.9735,2.0061
2024/09/25,2.0067,2.01,1.9522,1.9794
2024/09/26,1.9774,1.9855,1.9201,1.9235
2024/09/27,1.9221,1.9503,1.9058,1.9329
2024/09/30,1.9337,1.9566,1.9084,1.9379
2024/10/01,1.9308,2.0077,1.8812,1.986
2024/10/02,1.9933,2.029,1.9612,2.0133
2024/10/03,2.0123,2.1041,1.998,2.0933
2024/10/04,2.0943,2.1258,2.0822,2.0938
2024/10/07,2.096,2.1673,2.0741,2.155
2024/10/08,2.155,2.1753,2.0449,2.0734
2024/10/09,2.0699,2.0866,2.02,2.0659
2024/10/10,2.0659,2.1581,2.0644,2.1488
2024/10/11,2.1459,2.153,2.0901,2.1192
2024/10/14,2.1116,2.1159,2.0314,2.0314
2024/10/15,2.0288,2.0423,1.9792,2.015
2024/10/16,2.011,2.0215,1.9857,2.0156
2024/10/17,2.0159,2.025,1.9728,2.0091
2024/10/18,2.008,2.0193,1.9512,1.9669
2024/10/21,1.975,2.007,1.9612,1.9793
2024/10/22,1.9702,2.0403,1.9633,2.0285
2024/10/23,2.0301,2.0389,1.9927,2.0109
2024/10/24,2.01,2.0385,1.9783,1.9965
2024/10/25,1.9948,2.0425,1.9858,2.0393
2024/10/28,2.006,2.006,1.9202,1.9373
2024/10/29,1.9373,1.9532,1.9011,1.9279
2024/10/30,1.9219,1.9744,1.9214,1.972
2024/10/31,1.9669,2.0088,1.9522,1.9994
2024/11/01,2.001,2.0244,1.9633,1.9634
2024/11/04,1.9815,2.0329,1.9813,2.0258
2024/11/05,2.0291,2.0606,2.0174,2.0422
2024/11/06,2.0418,2.0577,1.981,2.0408
2024/11/07,2.0397,2.0618,2.0117,2.0509
2024/11/08,2.0499,2.051,1.9985,2.0139
2024/11/11,2.0127,2.0219,1.9554,1.9609
2024/11/12,1.9606,1.9934,1.9491,1.9608
2024/11/13,1.9613,1.985,1.93,1.9535
2024/11/14,1.954,1.995,1.9477,1.9768
2024/11/15,1.9778,1.9778,1.9179,1.9199
2024/11/18,1.918,1.9884,1.9126,1.9817
2024/11/19,1.983,2.0054,1.9629,1.9935
2024/11/20,1.9942,2.0186,1.9865,1.9926
2024/11/21,1.9926,2.028,1.9782,1.9984
2024/11/22,1.9972,2.0274,1.9771,2.0101
2024/11/25,2.0133,2.0177,1.9452,1.9537
2024/11/26,1.9523,1.9907,1.9325,1.9506
2024/11/27,1.9494,1.9619,1.911,1.932
2024/11/28,1.9331,1.9513,1.923,1.9401
2024/11/29,1.9394,1.956,1.8959,1.9067
2024/12/02,1.905,1.9324,1.8968,1.919
2024/12/03,1.9189,1.9708,1.9124,1.9619
2024/12/04,1.9633,1.9793,1.9355,1.9409
2024/12/05,1.9395,1.9515,1.9209,1.9373
2024/12/06,1.9356,1.9377,1.8949,1.9043
2024/12/09,1.905,1.9634,1.9019,1.944
2024/12/10,1.945,1.9727,1.9359,1.9515
2024/12/11,1.9515,1.9935,1.949,1.9919
2024/12/12,1.9915,1.999,1.9559,1.9907
2024/12/13,1.9905,2.013,1.9838,1.9961
2024/12/16,2.0046,2.0091,1.9793,1.985
2024/12/17,1.985,1.9903,1.9381,1.9605
2024/12/18,1.9591,1.986,1.9397,1.9426
2024/12/19,1.943,1.9649,1.9211,1.9252
2024/12/20,1.926,1.9596,1.9122,1.9505
2024/12/23,1.9496,1.9678,1.9273,1.9541
2024/12/24,1.9565,1.9896,1.9507,1.9731
2024/12/26,1.9826,1.9841,1.9466,1.9593
2024/12/27,1.959,1.9785,1.9524,1.9621
2024/12/30,1.9636,2.0041,1.9582,1.9925
2024/12/31,1.9935,2.0141,1.978,2.0139
2025/01/02,2.009,2.0729,2.0088,2.0527
2025/01/03,2.0533,2.0658,2.0424,2.0572
2025/01/06,2.0544,2.0805,2.027,2.0317
2025/01/07,2.0312,2.0492,2.0221,2.0307
2025/01/08,2.0311,2.0446,2.0024,2.0143
2025/01/09,2.0108,2.0401,2.0,2.0381
2025/01/10,2.0365,2.1028,2.0337,2.0731
2025/01/13,2.0736,2.1213,2.0727,2.1017
2025/01/14,2.1017,2.1234,2.0862,2.1175
2025/01/15,2.114,2.2009,2.1107,2.2002
2025/01/16,2.2002,2.2025,2.1279,2.1492
2025/01/17,2.1492,2.1628,2.1375,2.1403
2025/01/20,2.145,2.1583,2.1243,2.1361
2025/01/21,2.1375,2.1495,2.1064,2.1192
2025/01/22,2.118,2.1303,2.0843,2.0859
2025/01/23,2.0859,2.1134,2.0801,2.0871
2025/01/24,2.0864,2.0977,2.0611,2.0769
2025/01/27,2.0765,2.0918,2.0369,2.055
2025/01/28,2.0543,2.0874,2.052,2.079
2025/01/29,2.0778,2.0852,2.0512,2.064
2025/01/30,2.0637,2.0938,2.0378,2.0812
2025/01/31,2.0821,2.0896,2.0371,2.088
2025/02/03,2.1188,2.1681,2.0717,2.0745
2025/02/04,2.0768,2.1115,2.0429,2.0994
2025/02/05,2.1013,2.1051,2.0392,2.0503
2025/02/06,2.0478,2.0802,2.0428,2.0729
2025/02/07,2.073,2.1105,2.0718,2.1076
2025/02/10,2.1005,2.1308,2.0993,2.1069
2025/02/11,2.1061,2.158,2.1003,2.1502
2025/02/12,2.1502,2.1539,2.0771,2.0771
2025/02/13,2.076,2.3323,2.0707,2.3305
2025/02/14,2.3305,2.3471,2.3075,2.3095
2025/02/17,2.3107,2.33,2.2976,2.3285
2025/02/18,2.3285,2.3418,2.3129,2.3237
2025/02/19,2.3245,2.3486,2.3083,2.321
2025/02/20,2.3175,2.3409,2.3095,2.3242
2025/02/21,2.3239,2.3296,2.2619,2.2695
2025/02/24,2.2635,2.2782,2.2508,2.2739
2025/02/25,2.2749,2.2836,2.2104,2.2195
2025/02/26,2.2182,2.224,2.1823,2.1966
2025/02/27,2.1949,2.2448,2.1896,2.2417
2025/02/28,2.2407,2.2438,2.2061,2.2306
2025/03/03,2.2291,2.2489,2.1764,2.1988
2025/03/04,2.1972,2.2046,2.1502,2.1771
2025/03/05,2.1771,2.1853,2.0961,2.1347
2025/03/06,2.1347,2.1452,2.0892,2.0952
2025/03/07,2.0969,2.1505,2.0944,2.1074
2025/03/10,2.1075,2.1339,2.0853,2.0864
2025/03/11,2.0858,2.1306,2.0702,2.1164
2025/03/12,2.1159,2.1573,2.1087,2.1498
2025/03/13,2.1497,2.1645,2.1289,2.1376
2025/03/14,2.1365,2.1555,2.1308,2.1522
2025/03/17,2.161,2.1864,2.1553,2.1816
2025/03/18,2.1812,2.2077,2.1604,2.1649
2025/03/19,2.1664,2.1893,2.1519,2.174
2025/03/20,2.1725,2.201,2.1513,2.2008
2025/03/21,2.2036,2.2103,2.177,2.1949
2025/03/24,2.1951,2.2163,2.1835,2.2095
2025/03/25,2.2094,2.2277,2.1992,2.2187
2025/03/26,2.2189,2.2517,2.2164,2.2467
2025/03/27,2.2451,2.2563,2.2252,2.2538
2025/03/28,2.2536,2.2669,2.233,2.2351
2025/03/31,2.2435,2.2976,2.2307,2.2897
2025/04/01,2.288,2.3112,2.2811,2.3048
2025/04/02,2.3019,2.3447,2.2935,2.3211
2025/04/03,2.3025,2.3025,2.1397,2.1528
2025/04/04,2.1528,2.1599,2.0065,2.0647
2025/04/07,2.04,2.1062,1.9795,2.0253
2025/04/08,2.0157,2.0549,1.9556,1.9619
2025/04/09,1.9585,2.0565,1.8788,2.0415
2025/04/10,2.0375,2.0487,1.9287,1.959
2025/04/11,1.9599,2.0022,1.9367,1.999
2025/04/14,2.0028,2.0389,1.994,2.0166
2025/04/15,2.016,2.032,2.0048,2.0261
2025/04/16,2.0254,2.0469,1.9967,2.0396
2025/04/17,2.0391,2.0968,2.0391,2.0839
2025/04/21,2.0832,2.0882,2.0355,2.0639
2025/04/22,2.0638,2.1086,2.0638,2.0888
2025/04/23,2.0921,2.1241,2.0445,2.072
2025/04/24,2.0742,2.1,2.0675,2.0991
2025/04/25,2.0998,2.1172,2.0775,2.1105
2025/04/28,2.1185,2.1227,2.0813,2.0898
2025/04/29,2.0924,2.0974,2.0481,2.0494
2025/04/30,2.0501,2.0584,2.0061,2.0233
2025/05/01,2.0238,2.059,1.9838,2.0428
2025/05/02,2.039,2.0623,2.0042,2.0235
2025/05/05,1.994,2.0312,1.9582,2.0281
2025/05/06,2.0259,2.082,2.0216,2.0585
2025/05/07,2.0594,2.0846,2.0186,2.0229
2025/05/08,2.0224,2.0982,2.0164,2.0964
2025/05/09,2.098,2.1211,2.0865,2.1112
2025/05/12,2.1123,2.1371,2.0823,2.0997
2025/05/13,2.0967,2.1362,2.089,2.1311
2025/05/14,2.1311,2.1399,2.107,2.1146
2025/05/15,2.113,2.1157,2.0605,2.0938
2025/05/16,2.0907,2.1103,2.0769,2.1009
2025/05/19,2.1008,2.1066,2.0705,2.095
2025/05/20,2.0939,2.1128,2.0821,2.1111
2025/05/21,2.1125,2.148,2.0858,2.0969
2025/05/22,2.092,2.0964,2.0644,2.0872
2025/05/23,2.0829,2.1011,2.0637,2.0789
2025/05/26,2.085,2.0937,2.0689,2.0825
2025/05/27,2.082,2.092,2.0431,2.0515
2025/05/28,2.0501,2.0802,2.0462,2.0617
2025/05/29,2.0595,2.0975,2.0265,2.0305
2025/05/30,2.031,2.0531,1.9943,2.0132
2025/06/02,2.0151,2.0924,2.0151,2.0635
2025/06/03,2.064,2.0886,2.05,2.0705
2025/06/04,2.0726,2.078,2.0249,2.0339
2025/06/05,2.0346,2.0733,2.0279,2.0604
2025/06/06,2.0588,2.0843,2.0506,2.0803
2025/06/09,2.082,2.0999,2.0681,2.0952
2025/06/10,2.0901,2.1142,2.0779,2.0805
2025/06/11,2.0834,2.1736,2.0771,2.1666
2025/06/12,2.1805,2.1898,2.1222,2.1614
2025/06/13,2.1658,2.2863,2.1508,2.2217
2025/06/16,2.2632,2.2984,2.1654,2.2006
2025/06/17,2.1938,2.27,2.1916,2.2679
2025/06/18,2.2678,2.3029,2.2365,2.2803
2025/06/19,2.2796,2.3482,2.2644,2.3029
2025/06/20,2.2999,2.3227,2.2798,2.3179
2025/06/23,2.3676,2.395,2.1488,2.1639
2025/06/24,2.1647,2.1745,2.0691,2.0917
2025/06/25,2.0923,2.1083,2.0639,2.0667
2025/06/26,2.0663,2.1055,2.0595,2.0753
2025/06/27,2.078,2.0886,2.0429,2.0617
2025/06/30,2.0602,2.0821,2.0492,2.0681
2025/07/01,2.0654,2.1057,2.0585,2.0983
2025/07/02,2.0964,2.1257,2.0813,2.124
2025/07/03,2.1192,2.1248,2.102,2.1187
2025/07/04,2.118,2.1249,2.1033,2.1171
2025/07/07,2.1078,2.1601,2.0869,2.1533
2025/07/08,2.1529,2.1988,2.1445,2.1859
2025/07/09,2.184,2.204,2.1723,2.1918
2025/07/10,2.1941,2.2,2.1448,2.1579
2025/07/11,2.1618,2.1944,2.1367,2.1926
2025/07/14,2.1958,2.2124,2.1571,2.162
2025/07/15,2.1616,2.1655,2.1077,2.1276
2025/07/16,2.1289,2.1308,2.0888,2.1091
2025/07/17,2.1039,2.132,2.1023,2.1312
2025/07/18,2.134,2.1501,2.1065,2.1066
2025/07/21,2.1088,2.1131,2.0813,2.0895
2025/07/22,2.092,2.0923,2.0604,2.07
2025/07/23,2.0737,2.0931,2.06,2.0848
2025/07/24,2.0881,2.1046,2.0547,2.0776
2025/07/25,2.0767,2.0916,2.0564,2.0593
2025/07/28,2.0626,2.1153,2.0574,2.1097
2025/07/29,2.1122,2.1886,2.0995,2.1783
2025/07/30,2.1786,2.2112,2.1513,2.2071
2025/07/31,2.2104,2.2107,2.1591,2.1736
2025/08/01,2.1737,2.1776,2.103,2.1076
2025/08/04,2.1025,2.1261,2.0763,2.1017
2025/08/05,2.0992,2.1067,2.0826,2.0878
2025/08/06,2.09,2.1384,2.0723,2.0854
2025/08/07,2.0877,2.1159,2.0703,2.0719
2025/08/08,2.0774,2.1015,2.0492,2.0706
2025/08/11,2.0696,2.0979,2.0586,2.0775
2025/08/12,2.0778,2.0928,2.0648,2.0712
2025/08/13,2.071,2.0836,2.047,2.0775
2025/08/14,2.077,2.1126,2.0748,2.111
2025/08/15,2.1093,2.1114,1.9061,1.9158
2025/08/18,1.9136,1.9399,1.8952,1.9372
2025/08/19,1.9391,1.9391,1.9119,1.9272
2025/08/20,1.9265,1.9636,1.9204,1.9585
2025/08/21,1.9599,1.9898,1.9579,1.9891
2025/08/22,1.99,1.9992,1.9769,1.9921
2025/08/25,1.9936,2.0097,1.982,1.9952
2025/08/26,1.9945,1.9979,1.9489,1.9605
2025/08/27,1.9587,1.9731,1.9474,1.9629
2025/08/28,1.9648,1.9921,1.9421,1.9847
2025/08/29,1.986,1.9896,1.9618,1.9684
2025/09/01,1.9638,1.9964,1.955,1.9948
2025/09/02,1.9937,2.0466,1.9894,2.0419
2025/09/03,2.0378,2.0462,2.0003,2.0081
2025/09/04,2.0113,2.0283,1.9916,2.0042
2025/09/05,2.0041,2.0071,1.9462,1.9679
2025/09/08,1.968,2.003,1.9526,1.9611
2025/09/09,1.9626,2.0101,1.9585,1.9943
2025/09/10,1.993,2.0173,1.9878,2.0084
2025/09/11,2.009,2.0096,1.9615,1.9722
2025/09/12,1.9734,2.0184,1.9533,1.9862
2025/09/15,1.995,2.021,1.9823,2.0122
2025/09/16,2.0143,2.0475,2.0026,2.0432
2025/09/17,2.0373,2.0498,1.9588,1.9638
2025/09/18,1.9626,1.9712,1.9415,1.9551
2025/09/19,1.9543,1.956,1.9104,1.9105
2025/09/22,1.9112,1.9324,1.8914,1.9196
2025/09/23,1.9195,1.9503,1.9073,1.9465
2025/09/24,1.9481,1.9642,1.9348,1.9582
2025/09/25,1.9567,1.9655,1.9327,1.9595
2025/09/26,1.9597,2.0045,1.9465,1.9787
2025/09/29,1.9722,1.9922,1.9293,1.9343
2025/09/30,1.9347,1.9368,1.9,1.9184
2025/10/01,1.9188,1.9309,1.8757,1.8885
2025/10/02,1.8885,1.9043,1.8435,1.8516
2025/10/03,1.8503,1.8819,1.849,1.8573
2025/10/06,1.87,1.9061,1.8693,1.899
2025/10/07,1.8987,1.9105,1.8676,1.9067
2025/10/08,1.9086,1.9222,1.8966,1.9035
2025/10/09,1.9045,1.9208,1.8752,1.8786
2025/10/10,1.8799,1.8832,1.8053,1.8086
2025/10/13,1.8124,1.8412,1.7852,1.8015
2025/10/14,1.8027,1.8093,1.7622,1.7787
2025/10/15,1.7792,1.7977,1.7747,1.7912
2025/10/16,1.7917,1.8014,1.7545,1.7608
2025/10/17,1.7604,1.7846,1.7407,1.7794
2025/10/20,1.7783,1.7852,1.7527,1.7728
2025/10/21,1.7716,1.7905,1.7469,1.7758
2025/10/22,1.7751,1.8378,1.7703,1.8278
2025/10/23,1.832,1.8864,1.8304,1.8725
2025/10/24,1.8744,1.8915,1.8625,1.8631
2025/10/27,1.8686,1.8825,1.8461,1.8742
2025/10/28,1.8735,1.8755,1.8418,1.8709
2025/10/29,1.8735,1.9,1.8582,1.8919
2025/10/30,1.8889,1.8952,1.8596,1.8826
2025/10/31,1.8839,1.9059,1.8711,1.8987
2025/11/03,1.9008,1.9281,1.8838,1.9162
2025/11/04,1.9187,1.9315,1.8899,1.9213
2025/11/05,1.9213,1.9342,1.9006,1.9127
2025/11/06,1.9132,1.9676,1.9114,1.9562
2025/11/07,1.9588,1.9886,1.9353,1.9443
2025/11/10,1.944,1.9785,1.9377,1.9612
2025/11/11,1.963,2.0182,1.9524,2.0128
2025/11/12,2.0132,2.0136,1.9514,1.9543
2025/11/13,1.9523,1.9561,1.8756,1.8874
2025/11/14,1.8902,1.9389,1.8902,1.9268
2025/11/17,1.9282,1.9325,1.9062,1.9068
2025/11/18,1.9077,1.929,1.8823,1.9154
2025/11/19,1.9196,1.9199,1.8517,1.8645
2025/11/20,1.8636,1.876,1.8265,1.8396
2025/11/21,1.8407,1.8407,1.7984,1.8079
2025/11/24,1.8079,1.8331,1.7935,1.8278
2025/11/25,1.8284,1.8314,1.7796,1.8041
2025/11/26,1.8064,1.8321,1.7972,1.8264
2025/11/27,1.8256,1.8631,1.8197,1.8594
2025/11/28,1.86,1.8744,1.8164,1.8217
2025/12/01,1.8261,1.8748,1.8187,1.8709
2025/12/02,1.8708,1.8755,1.8263,1.8281
2025/12/03,1.8332,1.8524,1.8221,1.828
2025/12/04,1.8268,1.8386,1.8139,1.8321
2025/12/05,1.8321,1.8515,1.8214,1.8348
2025/12/08,1.842,1.8494,1.7933,1.7956
2025/12/09,1.7957,1.8117,1.7853,1.7943
2025/12/10,1.7949,1.8012,1.7638,1.7941
2025/12/11,1.7941,1.7941,1.7452,1.7661
2025/12/12,1.7661,1.7771,1.7445,1.7535
2025/12/15,1.758,1.7625,1.7221,1.7272
2025/12/16,1.7312,1.7312,1.6795,1.682
2025/12/17,1.6833,1.7207,1.6811,1.7198
2025/12/18,1.7196,1.7219,1.6966,1.7023
2025/12/19,1.7024,1.7249,1.6995,1.7164
2025/12/22,1.716,1.7542,1.7146,1.7489
2025/12/23,1.7478,1.7602,1.7369,1.7573
2025/12/24,1.7594,1.7679,1.7498,1.7578
2025/12/26,1.7646,1.7692,1.7047,1.7088
2025/12/29,1.7095,1.7451,1.7087,1.7202
2025/12/30,1.7202,1.7438,1.705,1.7328
2025/12/31,1.7328,1.7415,1.7067,1.7125
2026/01/02,1.7105,1.7287,1.6847,1.6995
2026/01/05,1.7034,1.7267,1.6656,1.7198
2026/01/06,1.7187,1.7359,1.6933,1.6988
2026/01/07,1.6981,1.721,1.6826,1.7043
2026/01/08,1.7016,1.7861,1.6929,1.7783
2026/01/09,1.7749,1.801,1.7615,1.7749
2026/01/12,1.781,1.8057,1.7704,1.8033
2026/01/13,1.803,1.838,1.7975,1.8242
2026/01/14,1.8219,1.8723,1.796,1.8436
2026/01/15,1.8529,1.8529,1.79,1.8131
2026/01/16,1.8142,1.8275,1.8043,1.8111
2026/01/19,1.8076,1.8228,1.7937,1.8187
2026/01/20,1.8204,1.8552,1.8002,1.8348
2026/01/21,1.839,1.882,1.8276,1.8763
2026/01/22,1.8768,1.88,1.8209,1.8469
2026/01/23,1.8524,1.8803,1.8408,1.8717
2026/01/26,1.8709,1.8774,1.8318,1.8415
2026/01/27,1.8406,1.8931,1.825,1.8911
2026/01/28,1.8955,1.9123,1.8791,1.9084
2026/01/29,1.9132,1.9573,1.9094,1.9335
2026/01/30,1.9285,1.9595,1.8893,1.9477
2026/02/02,1.9399,1.9399,1.8398,1.8532
2026/02/03,1.8546,1.918,1.8305,1.9141
2026/02/04,1.9054,1.97,1.8941,1.9482
2026/02/05,1.9489,1.9662,1.9111,1.9242
2026/02/06,1.925,1.9647,1.9104,1.9522
2026/02/09,1.946,2.0003,1.935,1.9878
2026/02/10,1.9881,1.9893,1.9549,1.9637
2026/02/11,1.967,2.012,1.9647,1.9825
2026/02/12,1.984,2.2081,1.9682,2.1441
2026/02/13,2.144,2.1479,2.1202,2.1348
2026/02/16,2.1458,2.1563,2.1265,2.1527
2026/02/17,2.1519,2.1663,2.122,2.1402
2026/02/18,2.1393,2.2134,2.1368,2.2033
2026/02/19,2.2089,2.2569,2.2011,2.2494
2026/02/20,2.2498,2.2593,2.2319,2.2404
2026/02/23,2.2323,2.2648,2.2179,2.2499
2026/02/24,2.2507,2.2644,2.2255,2.2445
2026/02/25,2.2436,2.2584,2.2316,2.2493
2026/02/26,2.2502,2.278,2.2153,2.2598
2026/02/27,2.258,2.3075,2.245,2.3011
2026/03/02,2.484,2.4955,2.3274,2.3775
2026/03/03,2.3641,2.5328,2.3566,2.4571
2026/03/04,2.4681,2.5427,2.45,2.5349
2026/03/05,2.5436,2.6861,2.533,2.6207
2026/03/06,2.6365,2.7699,2.5758,2.7677
2026/03/09,2.84,3.1468,2.5006,2.598
2026/03/10,2.6396,2.718,2.4748,2.6567
2026/03/11,2.6778,2.7846,2.5994,2.7796
2026/03/12,2.787,2.9464,2.77,2.9338
2026/03/13,2.9376,3.0154,2.8577,3.0139
2026/03/16,3.0251,3.0657,2.9331,2.9704
2026/03/17,2.9653,3.0985,2.9653,3.0953
2026/03/18,3.0938,3.2049,3.0076,3.1555
2026/03/19,3.1672,3.249,3.0068,3.0846
2026/03/20,3.0893,3.2809,3.0372,3.2593
2026/03/23,3.2961,3.348,2.8539,2.9412
2026/03/24,2.9332,3.1044,2.9301,2.9894
2026/03/25,2.997,3.0117,2.8736,2.972
2026/03/26,2.9749,3.1057,2.9677,3.0597
2026/03/27,3.0752,3.2296,3.0164,3.2253
2026/03/30,3.2375,3.3014,3.1978,3.2969
2026/03/31,3.3109,3.3854,3.1671,3.1877
2026/04/01,3.1877,3.2595,3.0615,3.0689
2026/04/02,3.0848,3.0848,3.0615,3.067
2026/04/07,3.34,3.3534,3.2124,3.237
2026/04/08,3.1895,3.219,2.8859,3.0158
2026/04/09,3.0195,3.1138,2.9679,3.0171
2026/04/10,3.0149,3.0708,2.984,3.0127
2026/04/13,3.1835,3.2048,3.0696,3.0746
2026/04/14,3.076,3.1146,3.0098,3.0367
2026/04/15,2.9716,3.0308,2.9256,2.9972
2026/04/16,2.9943,3.0941,2.9845,3.0763
2026/04/17,3.0834,3.1,2.8239,2.9366
2026/04/20,3.0244,3.064,2.989,3.0081
2026/04/21,3.0091,3.1614,3.0062,3.123
2026/04/22,3.125,3.2557,3.071,3.2427
2026/04/23,3.2453,3.3623,3.1982,3.3539
2026/04/24,3.3412,3.36,3.2599,3.3376
2026/04/27,3.3666,3.3941,3.3232,3.3647
2026/04/28,3.3621,3.4337,3.3569,3.4317
2026/04/29,3.4229,3.6183,3.3994,3.6026
2026/04/30,3.5921,3.658,3.5033,3.623
2026/05/01,3.6268,3.6691,3.5272,3.5927
2026/05/04,3.5524,3.7548,3.5361,3.7135
2026/05/05,3.7119,3.7197,3.5897,3.6344
2026/05/06,3.6298,3.6368,3.278,3.4585
2026/05/07,3.4502,3.5061,3.3258,3.4985
2026/05/08,3.5107,3.5315,3.4087,3.5122
2026/05/11,3.5835,3.6385,3.5467,3.5977
2026/05/12,3.5967,3.7016,3.5952,3.6666
2026/05/13,3.5061,3.5144,3.5046,3.5073
